dummy,treatment,tank,unit_id,eelgrass_CO2,eelgrass_light,avalida_CO2,avalida_light,eelgrass_combo,avalida_combo,start_surface_area_cm2,end_surface_area_cm2,difference_surface_area_cm2,time_in,time_out,time_days,avalida_start,avalida_end,avalida_dead,herbivory_per_day_total,herbivory_per_day_per_avalida
test,1,12,1.1,ambient,ambient,ambient,ambient,ambient_ambient,ambient_ambient,4.993,3.301,1.692,7/21/2020 13:02,7/23/2020 10:00,1.873611111,3,2,1,0.90306894,0.45153447
test,1,4,1.1,ambient,ambient,ambient,ambient,ambient_ambient,ambient_ambient,4.379,4.369,0.01,7/21/2020 13:02,7/23/2020 10:00,1.873611111,3,3,0,0.005337287,0.001779096
test,1,42,1.11,ambient,ambient,ambient,ambient,ambient_ambient,ambient_ambient,5.049,4.888,0.161,7/21/2020 13:02,7/23/2020 10:51,1.90902772,3,3,0,0.084336125,0.028112042
test,1,46,1.12,ambient,ambient,ambient,ambient,ambient_ambient,ambient_ambient,5.122,4.587,0.535,7/21/2020 13:02,7/23/2020 10:56,1.9125,3,3,0,0.279738562,0.093246187
test,1,27,1.13,ambient,ambient,ambient,ambient,ambient_ambient,ambient_ambient,5.573,4.991,0.582,7/21/2020 13:02,7/23/2020 10:23,1.889583333,3,2,1,0.30800441,0.154002205
test,1,41,1.14,ambient,ambient,ambient,ambient,ambient_ambient,ambient_ambient,5.249,4.709,0.54,7/21/2020 13:02,7/23/2020 10:42,1.90277772,3,3,0,0.283795629,0.094598543
test,1,28,1.15,ambient,ambient,ambient,ambient,ambient_ambient,ambient_ambient,4.682,3.862,0.82,7/21/2020 13:02,7/23/2020 10:32,1.895833333,3,3,0,0.432527473,0.144175824
test,1,12,1.16,ambient,ambient,ambient,ambient,ambient_ambient,ambient_ambient,4.671,3.738,0.933,7/21/2020 13:02,7/23/2020 10:00,1.873611111,3,3,0,0.497968866,0.165989622
test,1,46,1.17,ambient,ambient,ambient,ambient,ambient_ambient,ambient_ambient,4.527,2.026,2.501,7/21/2020 13:02,7/23/2020 10:56,1.9125,3,3,0,1.307712418,0.435904139
test,1,27,1.18,ambient,ambient,ambient,ambient,ambient_ambient,ambient_ambient,5.554,5.072,0.482,7/21/2020 13:02,7/23/2020 10:23,1.889583275,3,3,0,0.255082698,0.085027566
test,1,42,1.19,ambient,ambient,ambient,ambient,ambient_ambient,ambient_ambient,5.417,4.717,0.7,7/21/2020 13:02,7/23/2020 10:51,1.90902772,3,2,1,0.366678803,0.183339402
test,1,28,1.2,ambient,ambient,ambient,ambient,ambient_ambient,ambient_ambient,4.941,4.631,0.31,7/21/2020 13:02,7/23/2020 10:32,1.895833333,3,3,0,0.163516484,0.054505495
test,1,46,1.2,ambient,ambient,ambient,ambient,ambient_ambient,ambient_ambient,5.536,4.742,0.794,7/21/2020 13:02,7/23/2020 10:56,1.9125,3,3,0,0.415163399,0.1383878
test,1,41,1.3,ambient,ambient,ambient,ambient,ambient_ambient,ambient_ambient,4.716,4.139,0.577,7/21/2020 13:02,7/23/2020 10:42,1.902777778,3,3,0,0.303240876,0.101080292
test,1,46,1.4,ambient,ambient,ambient,ambient,ambient_ambient,ambient_ambient,5.317,5.285,0.032,7/21/2020 13:02,7/23/2020 10:56,1.9125,3,2,1,0.016732026,0.008366013
test,1,42,1.5,ambient,ambient,ambient,ambient,ambient_ambient,ambient_ambient,4.14,3.361,0.779,7/21/2020 13:02,7/23/2020 10:51,1.909027778,3,2,1,0.408061113,0.204030557
test,1,41,1.6,ambient,ambient,ambient,ambient,ambient_ambient,ambient_ambient,4.914,4.081,0.833,7/21/2020 13:02,7/23/2020 10:42,1.902777778,3,2,1,0.437781022,0.218890511
test,1,27,1.7,ambient,ambient,ambient,ambient,ambient_ambient,ambient_ambient,4.989,4.9,0.089,7/21/2020 13:02,7/23/2020 10:23,1.889583333,3,3,0,0.047100331,0.01570011
test,1,4,1.8,ambient,ambient,ambient,ambient,ambient_ambient,ambient_ambient,5.29,4.4,0.89,7/21/2020 13:02,7/23/2020 10:00,1.873611111,3,2,1,0.475018532,0.237509266
test,1,42,1.9,ambient,ambient,ambient,ambient,ambient_ambient,ambient_ambient,5.847,5.536,0.311,7/21/2020 13:02,7/23/2020 10:51,1.909027778,3,3,0,0.162910149,0.054303383
test,2,25,2.1,high,ambient,ambient,ambient,high_ambient,ambient_ambient,4.648,4.255,0.393,7/21/2020 15:11,7/23/2020 10:17,1.795833333,3,2,1,0.218839907,0.109419954
test,2,28,2.1,high,ambient,ambient,ambient,high_ambient,ambient_ambient,4.914,4.445,0.469,7/21/2020 15:11,7/23/2020 10:32,1.806249942,3,1,2,0.259653988,0.259653988
test,2,25,2.11,high,ambient,ambient,ambient,high_ambient,ambient_ambient,3.98,2.947,1.033,7/21/2020 15:11,7/23/2020 10:17,1.795833333,3,2,1,0.575220418,0.287610209
test,2,28,2.12,high,ambient,ambient,ambient,high_ambient,ambient_ambient,5.652,4.947,0.705,7/21/2020 15:11,7/23/2020 10:32,1.806249942,3,2,1,0.390311431,0.195155716
test,2,4,2.13,high,ambient,ambient,ambient,high_ambient,ambient_ambient,4.88,4.771,0.109,7/21/2020 15:11,7/23/2020 10:00,1.78402772,3,3,0,0.061097705,0.020365902
test,2,27,2.14,high,ambient,ambient,ambient,high_ambient,ambient_ambient,5.362,5.26,0.102,7/21/2020 15:11,7/23/2020 10:23,1.799999942,3,2,1,0.056666668,0.028333334
test,2,25,2.15,high,ambient,ambient,ambient,high_ambient,ambient_ambient,5.521,3.43,2.091,7/21/2020 15:11,7/23/2020 10:17,1.795833275,3,3,0,1.164361986,0.388120662
test,2,28,2.16,high,ambient,ambient,ambient,high_ambient,ambient_ambient,5.698,4.51,1.188,7/21/2020 15:11,7/23/2020 10:32,1.806249942,3,3,0,0.657716284,0.219238761
test,2,4,2.17,high,ambient,ambient,ambient,high_ambient,ambient_ambient,5.296,3.655,1.641,7/21/2020 15:11,7/23/2020 10:00,1.78402772,3,3,0,0.919828757,0.306609586
test,2,46,2.18,high,ambient,ambient,ambient,high_ambient,ambient_ambient,5.972,5.365,0.607,7/21/2020 15:11,7/23/2020 10:56,1.822916667,3,2,1,0.332982857,0.166491429
test,2,27,2.19,high,ambient,ambient,ambient,high_ambient,ambient_ambient,5.264,4.587,0.677,7/21/2020 15:11,7/23/2020 10:23,1.799999942,3,2,1,0.376111123,0.188055562
test,2,27,2.2,high,ambient,ambient,ambient,high_ambient,ambient_ambient,5.732,4.756,0.976,7/21/2020 15:11,7/23/2020 10:23,1.799999942,3,2,1,0.54222224,0.27111112
test,2,46,2.2,high,ambient,ambient,ambient,high_ambient,ambient_ambient,5.475,3.822,1.653,7/21/2020 15:11,7/23/2020 10:56,1.822916667,3,2,1,0.906788571,0.453394286
test,2,41,2.3,high,ambient,ambient,ambient,high_ambient,ambient_ambient,4.998,4.906,0.092,7/21/2020 15:11,7/23/2020 10:42,1.813194387,3,2,1,0.050739182,0.025369591
test,2,12,2.4,high,ambient,ambient,ambient,high_ambient,ambient_ambient,5.04,3.376,1.664,7/21/2020 15:11,7/23/2020 10:00,1.78402772,3,2,1,0.932720933,0.466360467
test,2,28,2.5,high,ambient,ambient,ambient,high_ambient,ambient_ambient,5.934,5.753,0.181,7/21/2020 15:11,7/23/2020 10:32,1.806249942,3,2,1,0.100207616,0.050103808
test,2,4,2.6,high,ambient,ambient,ambient,high_ambient,ambient_ambient,4.583,4.581,0.002,7/21/2020 15:11,7/23/2020 10:00,1.78402772,3,3,0,0.001121059,0.000373686
test,2,28,2.7,high,ambient,ambient,ambient,high_ambient,ambient_ambient,5.251,2.427,2.824,7/21/2020 15:11,7/23/2020 10:32,1.806249942,3,2,1,1.563460258,0.781730129
test,2,28,2.8,high,ambient,ambient,ambient,high_ambient,ambient_ambient,5.296,5.162,0.134,7/21/2020 15:11,7/23/2020 10:32,1.806249942,3,3,0,0.074186854,0.024728951
test,2,41,2.9,high,ambient,ambient,ambient,high_ambient,ambient_ambient,5.168,3.956,1.212,7/21/2020 15:11,7/23/2020 10:42,1.813194387,3,2,1,0.668433572,0.334216786
test,3,27,3.1,ambient,low,ambient,ambient,ambient_low,ambient_ambient,5.07,4.832,0.238,7/21/2020 16:23,7/23/2020 10:23,1.749999942,3,3,0,0.136000004,0.045333335
test,3,25,3.1,ambient,low,ambient,ambient,ambient_low,ambient_ambient,4.698,3.324,1.374,7/21/2020 16:23,7/23/2020 10:17,1.745833333,3,3,0,0.787016706,0.262338902
test,3,4,3.11,ambient,low,ambient,ambient,ambient_low,ambient_ambient,4.661,3.976,0.685,7/21/2020 16:23,7/23/2020 10:00,1.734027778,3,2,1,0.395034041,0.19751702
test,3,42,3.12,ambient,low,ambient,ambient,ambient_low,ambient_ambient,4.05,2.883,1.167,7/21/2020 16:23,7/23/2020 10:51,1.769444387,3,2,1,0.659529064,0.329764532
test,3,12,3.13,ambient,low,ambient,ambient,ambient_low,ambient_ambient,4.986,4.11,0.876,7/21/2020 16:23,7/23/2020 10:00,1.734027778,3,3,0,0.505182219,0.168394073
test,3,42,3.14,ambient,low,ambient,ambient,ambient_low,ambient_ambient,4.937,4.419,0.518,7/21/2020 16:23,7/23/2020 10:51,1.769444444,3,3,0,0.292747253,0.097582418
test,3,4,3.15,ambient,low,ambient,ambient,ambient_low,ambient_ambient,4.677,4.056,0.621,7/21/2020 16:23,7/23/2020 10:00,1.734027778,3,3,0,0.358125751,0.11937525
test,3,42,3.16,ambient,low,ambient,ambient,ambient_low,ambient_ambient,4.769,3.748,1.021,7/21/2020 16:23,7/23/2020 10:51,1.769444444,3,3,0,0.577017268,0.192339089
test,3,42,3.17,ambient,low,ambient,ambient,ambient_low,ambient_ambient,5.313,4.689,0.624,7/21/2020 16:23,7/23/2020 10:51,1.769444444,3,3,0,0.352653061,0.11755102
test,3,46,3.18,ambient,low,ambient,ambient,ambient_low,ambient_ambient,4.694,4.189,0.505,7/21/2020 16:23,7/23/2020 10:56,1.772916725,3,2,1,0.284841354,0.142420677
test,3,28,3.19,ambient,low,ambient,ambient,ambient_low,ambient_ambient,5.353,4.93,0.423,7/21/2020 16:23,7/23/2020 10:32,1.75625,3,3,0,0.240854093,0.080284698
test,3,46,3.2,ambient,low,ambient,ambient,ambient_low,ambient_ambient,3.819,3.123,0.696,7/21/2020 16:23,7/23/2020 10:56,1.772916725,3,3,0,0.39257343,0.13085781
test,3,25,3.2,ambient,low,ambient,ambient,ambient_low,ambient_ambient,5.038,3.698,1.34,7/21/2020 16:23,7/23/2020 10:17,1.745833333,3,2,1,0.767541766,0.383770883
test,3,12,3.3,ambient,low,ambient,ambient,ambient_low,ambient_ambient,4.895,4.619,0.276,7/21/2020 16:23,7/23/2020 10:00,1.734027778,3,2,1,0.159167,0.0795835
test,3,12,3.4,ambient,low,ambient,ambient,ambient_low,ambient_ambient,4.392,3.945,0.447,7/21/2020 16:23,7/23/2020 10:00,1.734027778,3,3,0,0.257781338,0.085927113
test,3,27,3.5,ambient,low,ambient,ambient,ambient_low,ambient_ambient,4.7,3.445,1.255,7/21/2020 16:23,7/23/2020 10:23,1.75,3,3,0,0.717142857,0.239047619
test,3,25,3.6,ambient,low,ambient,ambient,ambient_low,ambient_ambient,5.174,4.743,0.431,7/21/2020 16:23,7/23/2020 10:17,1.745833333,3,2,1,0.246873508,0.123436754
test,3,25,3.7,ambient,low,ambient,ambient,ambient_low,ambient_ambient,5.605,5.121,0.484,7/21/2020 16:23,7/23/2020 10:17,1.745833333,3,3,0,0.277231504,0.092410501
test,3,4,3.8,ambient,low,ambient,ambient,ambient_low,ambient_ambient,5.012,4.378,0.634,7/21/2020 16:23,7/23/2020 10:00,1.734027778,3,2,1,0.365622747,0.182811374
test,3,41,3.9,ambient,low,ambient,ambient,ambient_low,ambient_ambient,4.184,3.127,1.057,7/21/2020 16:23,7/23/2020 10:42,1.763194444,3,3,0,0.59948011,0.199826703
test,4,32,5.1,ambient,ambient,high,ambient,ambient_ambient,high_ambient,5.341,5.204,0.137,7/21/2020 13:24,7/23/2020 12:07,1.946527778,3,2,1,0.070381734,0.035190867
test,4,9,5.1,ambient,ambient,high,ambient,ambient_ambient,high_ambient,4.22,3.676,0.544,7/21/2020 13:24,7/23/2020 11:09,1.90625,3,2,1,0.285377049,0.142688525
test,4,48,5.11,ambient,ambient,high,ambient,ambient_ambient,high_ambient,4.59,4.349,0.241,7/21/2020 13:24,7/23/2020 12:09,1.947916609,3,3,0,0.123721929,0.041240643
test,4,14,5.12,ambient,ambient,high,ambient,ambient_ambient,high_ambient,5.295,5.159,0.136,7/21/2020 13:24,7/23/2020 11:28,1.919444444,3,3,0,0.070853835,0.023617945
test,4,48,5.13,ambient,ambient,high,ambient,ambient_ambient,high_ambient,5.5,5.233,0.267,7/21/2020 13:24,7/23/2020 12:09,1.947916609,3,2,1,0.137069523,0.068534761
test,4,17,5.14,ambient,ambient,high,ambient,ambient_ambient,high_ambient,5.384,4.473,0.911,7/21/2020 13:24,7/23/2020 11:39,1.927083333,3,3,0,0.472735135,0.157578378
test,4,1,5.15,ambient,ambient,high,ambient,ambient_ambient,high_ambient,5.177,5.149,0.028,7/21/2020 13:24,7/23/2020 11:04,1.902777778,3,3,0,0.014715328,0.004905109
test,4,20,5.16,ambient,ambient,high,ambient,ambient_ambient,high_ambient,5.225,5.02,0.205,7/21/2020 13:24,7/23/2020 11:43,1.929861111,3,3,0,0.106225261,0.03540842
test,4,48,5.17,ambient,ambient,high,ambient,ambient_ambient,high_ambient,4.626,4.152,0.474,7/21/2020 13:24,7/23/2020 12:09,1.947916609,3,3,0,0.243336906,0.081112302
test,4,48,5.18,ambient,ambient,high,ambient,ambient_ambient,high_ambient,4.556,3.857,0.699,7/21/2020 13:24,7/23/2020 12:09,1.947916609,3,2,1,0.35884493,0.179422465
test,4,14,5.19,ambient,ambient,high,ambient,ambient_ambient,high_ambient,4.87,4.705,0.165,7/21/2020 13:24,7/23/2020 11:28,1.919444444,3,3,0,0.085962373,0.028654124
test,4,14,5.2,ambient,ambient,high,ambient,ambient_ambient,high_ambient,4.281,3.417,0.864,7/21/2020 13:24,7/23/2020 11:28,1.919444444,3,3,0,0.450130246,0.150043415
test,4,17,5.2,ambient,ambient,high,ambient,ambient_ambient,high_ambient,5.257,4.5,0.757,7/21/2020 13:24,7/23/2020 11:39,1.927083333,3,3,0,0.392821622,0.130940541
test,4,1,5.3,ambient,ambient,high,ambient,ambient_ambient,high_ambient,4.732,3.574,1.158,7/21/2020 13:24,7/23/2020 11:04,1.902777778,3,3,0,0.608583942,0.202861314
test,4,32,5.4,ambient,ambient,high,ambient,ambient_ambient,high_ambient,5.654,5.533,0.121,7/21/2020 13:24,7/23/2020 12:07,1.946527778,3,2,1,0.062161969,0.031080985
test,4,48,5.5,ambient,ambient,high,ambient,ambient_ambient,high_ambient,5.084,4.226,0.858,7/21/2020 13:24,7/23/2020 12:09,1.947916667,3,2,1,0.440470588,0.220235294
test,4,14,5.6,ambient,ambient,high,ambient,ambient_ambient,high_ambient,4.903,4.775,0.128,7/21/2020 13:24,7/23/2020 11:28,1.919444444,3,3,0,0.066685962,0.022228654
test,4,17,5.7,ambient,ambient,high,ambient,ambient_ambient,high_ambient,5.679,4.778,0.901,7/21/2020 13:24,7/23/2020 11:39,1.927083333,3,2,1,0.467545946,0.233772973
test,4,11,5.8,ambient,ambient,high,ambient,ambient_ambient,high_ambient,5.458,4.636,0.822,7/21/2020 13:24,7/23/2020 11:23,1.915972222,3,3,0,0.429025009,0.143008336
test,4,48,5.9,ambient,ambient,high,ambient,ambient_ambient,high_ambient,5.446,4.349,1.097,7/21/2020 13:24,7/23/2020 12:09,1.947916667,3,3,0,0.563165775,0.187721925
test,5,22,9.1,ambient,ambient,ambient,low,ambient_ambient,ambient_low,4.673,3.888,0.785,7/21/2020 13:28,7/23/2020 12:25,1.95625,3,3,0,0.401277955,0.133759318
test,5,38,9.1,ambient,ambient,ambient,low,ambient_ambient,ambient_low,4.758,4.694,0.064,7/21/2020 13:28,7/23/2020 12:36,1.963888889,3,2,1,0.032588402,0.016294201
test,5,6,9.11,ambient,ambient,ambient,low,ambient_ambient,ambient_low,5.077,3.345,1.732,7/21/2020 13:28,7/23/2020 12:02,1.940277778,3,1,2,0.892655691,0.892655691
test,5,10,9.12,ambient,ambient,ambient,low,ambient_ambient,ambient_low,5.712,5.655,0.057,7/21/2020 13:28,7/23/2020 12:07,1.94375,3,3,0,0.029324759,0.00977492
test,5,10,9.13,ambient,ambient,ambient,low,ambient_ambient,ambient_low,4.439,2.651,1.788,7/21/2020 13:28,7/23/2020 12:07,1.94375,3,3,0,0.919871383,0.306623794
test,5,22,9.14,ambient,ambient,ambient,low,ambient_ambient,ambient_low,4.387,1.646,2.741,7/21/2020 13:28,7/23/2020 12:25,1.956249942,3,3,0,1.401150201,0.467050067
test,5,13,9.15,ambient,ambient,ambient,low,ambient_ambient,ambient_low,4.54,4.376,0.164,7/21/2020 13:28,7/23/2020 12:17,1.950694444,3,2,1,0.084072624,0.042036312
test,5,13,9.16,ambient,ambient,ambient,low,ambient_ambient,ambient_low,4.618,1.293,3.325,7/21/2020 13:28,7/23/2020 12:17,1.950694444,3,3,0,1.704521182,0.568173727
test,5,22,9.17,ambient,ambient,ambient,low,ambient_ambient,ambient_low,5.726,3.808,1.918,7/21/2020 13:28,7/23/2020 12:25,1.956249942,3,2,1,0.980447313,0.490223657
test,5,13,9.18,ambient,ambient,ambient,low,ambient_ambient,ambient_low,4.959,3.038,1.921,7/21/2020 13:28,7/23/2020 12:17,1.950694444,3,3,0,0.984777501,0.328259167
test,5,33,9.19,ambient,ambient,ambient,low,ambient_ambient,ambient_low,4.458,3.862,0.596,7/21/2020 13:28,7/23/2020 12:30,1.959722222,3,3,0,0.304124734,0.101374911
test,5,23,9.2,ambient,ambient,ambient,low,ambient_ambient,ambient_low,4.905,3.039,1.866,7/21/2020 13:28,7/23/2020 12:31,1.960416667,3,3,0,0.95183847,0.31727949
test,5,13,9.2,ambient,ambient,ambient,low,ambient_ambient,ambient_low,4.609,3.018,1.591,7/21/2020 13:28,7/23/2020 12:17,1.950694444,3,2,1,0.815606978,0.407803489
test,5,22,9.3,ambient,ambient,ambient,low,ambient_ambient,ambient_low,4.635,2.812,1.823,7/21/2020 13:28,7/23/2020 12:25,1.95625,3,3,0,0.931884984,0.310628328
test,5,22,9.4,ambient,ambient,ambient,low,ambient_ambient,ambient_low,4.573,2.921,1.652,7/21/2020 13:28,7/23/2020 12:25,1.956249942,3,3,0,0.844472868,0.281490956
test,5,22,9.5,ambient,ambient,ambient,low,ambient_ambient,ambient_low,4.353,2.072,2.281,7/21/2020 13:28,7/23/2020 12:25,1.956249942,3,3,0,1.166006424,0.388668808
test,5,33,9.6,ambient,ambient,ambient,low,ambient_ambient,ambient_low,4.444,3.348,1.096,7/21/2020 13:28,7/23/2020 12:30,1.959722222,3,3,0,0.559262934,0.186420978
test,5,23,9.7,ambient,ambient,ambient,low,ambient_ambient,ambient_low,5.647,5.587,0.06,7/21/2020 13:28,7/23/2020 12:31,1.960416667,3,3,0,0.030605739,0.010201913
test,5,19,9.8,ambient,ambient,ambient,low,ambient_ambient,ambient_low,4.036,2.878,1.158,7/21/2020 13:28,7/23/2020 12:23,1.954861111,3,3,0,0.592369449,0.197456483
test,5,23,9.9,ambient,ambient,ambient,low,ambient_ambient,ambient_low,5.569,3.081,2.488,7/21/2020 13:28,7/23/2020 12:31,1.960416609,3,3,0,1.269117997,0.423039332
test,6,25,4.1,high,low,ambient,ambient,high_low,ambient_ambient,5.629,4.741,0.888,7/21/2020 17:00,7/23/2020 10:17,1.720138831,3,3,0,0.516237401,0.172079134
test,6,27,4.1,high,low,ambient,ambient,high_low,ambient_ambient,4.431,3.595,0.836,7/21/2020 17:00,7/23/2020 10:23,1.724305498,3,3,0,0.48483288,0.16161096
test,6,25,4.11,high,low,ambient,ambient,high_low,ambient_ambient,4.94,3.733,1.207,7/21/2020 17:00,7/23/2020 10:17,1.720138831,3,3,0,0.701687549,0.23389585
test,6,41,4.12,high,low,ambient,ambient,high_low,ambient_ambient,4.943,3.73,1.213,7/21/2020 17:00,7/23/2020 10:42,1.737499942,3,2,1,0.69812952,0.34906476
test,6,41,4.13,high,low,ambient,ambient,high_low,ambient_ambient,5.28,4.372,0.908,7/21/2020 17:00,7/23/2020 10:42,1.737499942,3,3,0,0.522589945,0.174196648
test,6,28,4.14,high,low,ambient,ambient,high_low,ambient_ambient,4.013,3.785,0.228,7/21/2020 17:00,7/23/2020 10:32,1.730555498,3,3,0,0.131749603,0.043916534
test,6,46,4.15,high,low,ambient,ambient,high_low,ambient_ambient,5.086,4.942,0.144,7/21/2020 17:00,7/23/2020 10:56,1.747222222,3,3,0,0.082416534,0.027472178
test,6,42,4.16,high,low,ambient,ambient,high_low,ambient_ambient,4.945,3.913,1.032,7/21/2020 17:00,7/23/2020 10:51,1.743749942,3,3,0,0.591827977,0.197275992
test,6,41,4.17,high,low,ambient,ambient,high_low,ambient_ambient,4.768,3.825,0.943,7/21/2020 17:00,7/23/2020 10:42,1.737499942,3,3,0,0.542733831,0.180911277
test,6,12,4.18,high,low,ambient,ambient,high_low,ambient_ambient,4.888,4.579,0.309,7/21/2020 17:00,7/23/2020 10:00,1.708333275,3,2,1,0.180878055,0.090439027
test,6,12,4.19,high,low,ambient,ambient,high_low,ambient_ambient,4.049,3.529,0.52,7/21/2020 17:00,7/23/2020 10:00,1.708333275,3,3,0,0.304390254,0.101463418
test,6,46,4.2,high,low,ambient,ambient,high_low,ambient_ambient,5.26,4.221,1.039,7/21/2020 17:00,7/23/2020 10:56,1.747222222,3,2,1,0.594658188,0.297329094
test,6,42,4.2,high,low,ambient,ambient,high_low,ambient_ambient,5.2,5.081,0.119,7/21/2020 17:00,7/23/2020 10:51,1.743749942,3,2,1,0.06824373,0.034121865
test,6,4,4.3,high,low,ambient,ambient,high_low,ambient_ambient,4.904,3.759,1.145,7/21/2020 17:00,7/23/2020 10:00,1.708333275,3,3,0,0.670243925,0.223414642
test,6,4,4.4,high,low,ambient,ambient,high_low,ambient_ambient,4.381,3.185,1.196,7/21/2020 17:00,7/23/2020 10:00,1.708333275,3,3,0,0.700097585,0.233365862
test,6,12,4.5,high,low,ambient,ambient,high_low,ambient_ambient,4.984,2.831,2.153,7/21/2020 17:00,7/23/2020 10:00,1.708333275,3,3,0,1.260292726,0.420097575
test,6,27,4.6,high,low,ambient,ambient,high_low,ambient_ambient,5.608,3.042,2.566,7/21/2020 17:00,7/23/2020 10:23,1.724305498,3,2,1,1.48813537,0.744067685
test,6,41,4.7,high,low,ambient,ambient,high_low,ambient_ambient,5.024,4.72,0.304,7/21/2020 17:00,7/23/2020 10:42,1.737499942,3,2,1,0.174964035,0.087482017
test,6,25,4.8,high,low,ambient,ambient,high_low,ambient_ambient,4.424,3.617,0.807,7/21/2020 17:00,7/23/2020 10:17,1.720138831,3,3,0,0.469148179,0.156382726
test,6,12,4.9,high,low,ambient,ambient,high_low,ambient_ambient,4.817,3.992,0.825,7/21/2020 17:00,7/23/2020 10:00,1.708333275,3,2,1,0.482926846,0.241463423
test,7,9,6.1,high,ambient,high,ambient,high_ambient,high_ambient,4.042,2.008,2.034,7/21/2020 15:48,7/23/2020 11:09,1.80625,3,3,0,1.126089965,0.375363322
test,7,48,6.1,high,ambient,high,ambient,high_ambient,high_ambient,5.56,4.319,1.241,7/21/2020 15:48,7/23/2020 12:09,1.847916667,3,2,1,0.67156708,0.33578354
test,7,9,6.11,high,ambient,high,ambient,high_ambient,high_ambient,5.348,5.197,0.151,7/21/2020 15:48,7/23/2020 11:09,1.80625,3,3,0,0.083598616,0.027866205
test,7,1,6.12,high,ambient,high,ambient,high_ambient,high_ambient,5.025,3.824,1.201,7/21/2020 15:48,7/23/2020 11:04,1.802777778,3,3,0,0.666194145,0.222064715
test,7,17,6.13,high,ambient,high,ambient,high_ambient,high_ambient,5.273,4.246,1.027,7/21/2020 15:48,7/23/2020 11:39,1.827083391,3,3,0,0.562098044,0.187366015
test,7,1,6.14,high,ambient,high,ambient,high_ambient,high_ambient,5.678,4.778,0.9,7/21/2020 15:48,7/23/2020 11:04,1.802777778,3,2,1,0.499229584,0.249614792
test,7,11,6.15,high,ambient,high,ambient,high_ambient,high_ambient,5.859,5.65,0.209,7/21/2020 15:48,7/23/2020 11:23,1.81597228,3,2,1,0.115089862,0.057544931
test,7,11,6.16,high,ambient,high,ambient,high_ambient,high_ambient,5.38,3.372,2.008,7/21/2020 15:48,7/23/2020 11:23,1.81597228,3,3,0,1.105743751,0.36858125
test,7,9,6.17,high,ambient,high,ambient,high_ambient,high_ambient,5.7,5.015,0.685,7/21/2020 15:48,7/23/2020 11:09,1.806250058,3,3,0,0.379238742,0.126412914
test,7,32,6.18,high,ambient,high,ambient,high_ambient,high_ambient,5.321,5.096,0.225,7/21/2020 15:48,7/23/2020 12:07,1.846527836,3,2,1,0.121850316,0.060925158
test,7,9,6.19,high,ambient,high,ambient,high_ambient,high_ambient,4.904,4.138,0.766,7/21/2020 15:48,7/23/2020 11:09,1.806250058,3,3,0,0.424083031,0.14136101
test,7,20,6.2,high,ambient,high,ambient,high_ambient,high_ambient,3.828,0.442,3.386,7/21/2020 15:48,7/23/2020 11:43,1.829861169,3,3,0,1.850413604,0.616804535
test,7,20,6.2,high,ambient,high,ambient,high_ambient,high_ambient,5.781,4.796,0.985,7/21/2020 15:48,7/23/2020 11:43,1.829861111,3,3,0,0.53829222,0.17943074
test,7,32,6.3,high,ambient,high,ambient,high_ambient,high_ambient,3.834,2.563,1.271,7/21/2020 15:48,7/23/2020 12:07,1.846527836,3,3,0,0.688318895,0.229439632
test,7,11,6.4,high,ambient,high,ambient,high_ambient,high_ambient,5.544,3.09,2.454,7/21/2020 15:48,7/23/2020 11:23,1.81597228,3,3,0,1.351342213,0.450447404
test,7,32,6.5,high,ambient,high,ambient,high_ambient,high_ambient,4.392,3.991,0.401,7/21/2020 15:48,7/23/2020 12:07,1.846527836,3,2,1,0.217164341,0.10858217
test,7,1,6.6,high,ambient,high,ambient,high_ambient,high_ambient,5.739,4.497,1.242,7/21/2020 15:48,7/23/2020 11:04,1.802777778,3,3,0,0.688936826,0.229645609
test,7,48,6.7,high,ambient,high,ambient,high_ambient,high_ambient,4.62,4.236,0.384,7/21/2020 15:48,7/23/2020 12:09,1.847916667,3,2,1,0.207801578,0.103900789
test,7,48,6.8,high,ambient,high,ambient,high_ambient,high_ambient,4.529,4.377,0.152,7/21/2020 15:48,7/23/2020 12:09,1.847916667,3,2,1,0.082254791,0.041127396
test,7,17,6.9,high,ambient,high,ambient,high_ambient,high_ambient,4.836,3.081,1.755,7/21/2020 15:48,7/23/2020 11:39,1.827083391,3,3,0,0.96054729,0.32018243
test,8,23,10.1,high,ambient,ambient,low,high_ambient,ambient_low,5.591,4.513,1.078,7/21/2020 15:52,7/23/2020 12:31,1.860416609,3,3,0,0.579440108,0.193146703
test,8,6,10.1,high,ambient,ambient,low,high_ambient,ambient_low,5.36,2.675,2.685,7/21/2020 15:52,7/23/2020 12:02,1.840277778,3,3,0,1.459018868,0.486339623
test,8,19,10.11,high,ambient,ambient,low,high_ambient,ambient_low,4.991,4.937,0.054,7/21/2020 15:52,7/23/2020 12:23,1.854861111,3,1,2,0.029112692,0.029112692
test,8,13,10.12,high,ambient,ambient,low,high_ambient,ambient_low,5.383,4.673,0.71,7/21/2020 15:52,7/23/2020 12:17,1.850694444,3,2,1,0.383639775,0.191819887
test,8,22,10.13,high,ambient,ambient,low,high_ambient,ambient_low,5,2.765,2.235,7/21/2020 15:52,7/23/2020 12:25,1.856249942,3,3,0,1.204040442,0.401346814
test,8,6,10.14,high,ambient,ambient,low,high_ambient,ambient_low,5.532,4.246,1.286,7/21/2020 15:52,7/23/2020 12:02,1.84027772,3,2,1,0.698807569,0.349403785
test,8,33,10.15,high,ambient,ambient,low,high_ambient,ambient_low,5.569,4.404,1.165,7/21/2020 15:52,7/23/2020 12:30,1.859722222,3,2,1,0.62643764,0.31321882
test,8,38,10.16,high,ambient,ambient,low,high_ambient,ambient_low,5.328,4.947,0.381,7/21/2020 15:52,7/23/2020 12:36,1.863888889,3,2,1,0.204411326,0.102205663
test,8,6,10.17,high,ambient,ambient,low,high_ambient,ambient_low,4.647,3.469,1.178,7/21/2020 15:52,7/23/2020 12:02,1.84027772,3,3,0,0.640120775,0.213373592
test,8,33,10.18,high,ambient,ambient,low,high_ambient,ambient_low,3.732,0.099,3.633,7/21/2020 15:52,7/23/2020 12:30,1.859722222,3,3,0,1.95351755,0.651172517
test,8,10,10.19,high,ambient,ambient,low,high_ambient,ambient_low,5.246,4.581,0.665,7/21/2020 15:52,7/23/2020 12:07,1.84375,3,3,0,0.360677966,0.120225989
test,8,38,10.2,high,ambient,ambient,low,high_ambient,ambient_low,5.495,0.186,5.309,7/21/2020 15:52,7/23/2020 12:36,1.863888889,3,3,0,2.848345753,0.949448584
test,8,6,10.2,high,ambient,ambient,low,high_ambient,ambient_low,4.084,1.203,2.881,7/21/2020 15:52,7/23/2020 12:02,1.84027772,3,2,1,1.565524578,0.782762289
test,8,38,10.3,high,ambient,ambient,low,high_ambient,ambient_low,5.56,2.547,3.013,7/21/2020 15:52,7/23/2020 12:36,1.863888889,3,3,0,1.616512668,0.538837556
test,8,10,10.4,high,ambient,ambient,low,high_ambient,ambient_low,5.601,4.539,1.062,7/21/2020 15:52,7/23/2020 12:07,1.84375,3,3,0,0.576,0.192
test,8,22,10.5,high,ambient,ambient,low,high_ambient,ambient_low,5.713,4.788,0.925,7/21/2020 15:52,7/23/2020 12:25,1.856249942,3,2,1,0.498316514,0.249158257
test,8,33,10.6,high,ambient,ambient,low,high_ambient,ambient_low,4.228,3.893,0.335,7/21/2020 15:52,7/23/2020 12:30,1.859722222,3,2,1,0.180134429,0.090067214
test,8,13,10.7,high,ambient,ambient,low,high_ambient,ambient_low,5.341,4.958,0.383,7/21/2020 15:52,7/23/2020 12:17,1.850694444,3,3,0,0.206949343,0.068983114
test,8,38,10.8,high,ambient,ambient,low,high_ambient,ambient_low,5.527,2.852,2.675,7/21/2020 15:52,7/23/2020 12:36,1.863888889,3,3,0,1.435171386,0.478390462
test,8,10,10.9,high,ambient,ambient,low,high_ambient,ambient_low,5.559,4.378,1.181,7/21/2020 15:52,7/23/2020 12:07,1.84375,3,3,0,0.640542373,0.213514124
test,9,11,7.1,ambient,low,high,ambient,ambient_low,high_ambient,4.811,3.756,1.055,7/21/2020 16:27,7/23/2020 11:23,1.788888889,3,3,0,0.589751553,0.196583851
test,9,14,7.1,ambient,low,high,ambient,ambient_low,high_ambient,5.101,4.74,0.361,7/21/2020 16:27,7/23/2020 11:28,1.792361111,3,3,0,0.201410306,0.067136769
test,9,20,7.11,ambient,low,high,ambient,ambient_low,high_ambient,5.079,4.847,0.232,7/21/2020 16:27,7/23/2020 11:43,1.80277772,3,3,0,0.128690297,0.042896766
test,9,1,7.12,ambient,low,high,ambient,ambient_low,high_ambient,4.692,4.476,0.216,7/21/2020 16:27,7/23/2020 11:04,1.775694387,3,2,1,0.121642554,0.060821277
test,9,14,7.14,ambient,low,high,ambient,ambient_low,high_ambient,4.963,4.613,0.35,7/21/2020 16:27,7/23/2020 11:28,1.792361111,3,3,0,0.19527315,0.06509105
test,9,9,7.15,ambient,low,high,ambient,ambient_low,high_ambient,5.564,5.45,0.114,7/21/2020 16:27,7/23/2020 11:09,1.779166667,3,2,1,0.064074941,0.032037471
test,9,20,7.16,ambient,low,high,ambient,ambient_low,high_ambient,5.671,5.584,0.087,7/21/2020 16:27,7/23/2020 11:43,1.80277772,3,2,1,0.048258861,0.024129431
test,9,1,7.18,ambient,low,high,ambient,ambient_low,high_ambient,5.005,4.569,0.436,7/21/2020 16:27,7/23/2020 11:04,1.775694387,3,3,0,0.245537748,0.081845916
test,9,9,7.19,ambient,low,high,ambient,ambient_low,high_ambient,5.032,4.525,0.507,7/21/2020 16:27,7/23/2020 11:09,1.779166667,3,3,0,0.284964871,0.09498829
test,9,14,7.2,ambient,low,high,ambient,ambient_low,high_ambient,4.853,4.529,0.324,7/21/2020 16:27,7/23/2020 11:28,1.792361111,3,2,1,0.180767145,0.090383572
test,9,9,7.2,ambient,low,high,ambient,ambient_low,high_ambient,4.659,4.001,0.658,7/21/2020 16:27,7/23/2020 11:09,1.779166667,3,3,0,0.369836066,0.123278689
test,9,11,7.3,ambient,low,high,ambient,ambient_low,high_ambient,5.47,5.395,0.075,7/21/2020 16:27,7/23/2020 11:23,1.788888889,3,2,1,0.041925466,0.020962733
test,9,32,7.4,ambient,low,high,ambient,ambient_low,high_ambient,5.142,4.62,0.522,7/21/2020 16:27,7/23/2020 12:07,1.819444444,3,3,0,0.286900763,0.095633588
test,9,9,7.5,ambient,low,high,ambient,ambient_low,high_ambient,4.641,4.634,0.007,7/21/2020 16:27,7/23/2020 11:09,1.779166667,3,2,1,0.003934426,0.001967213
test,9,11,7.6,ambient,low,high,ambient,ambient_low,high_ambient,4.468,4.345,0.123,7/21/2020 16:27,7/23/2020 11:23,1.788888889,3,2,1,0.068757764,0.034378882
test,9,20,7.7,ambient,low,high,ambient,ambient_low,high_ambient,5.422,5.376,0.046,7/21/2020 16:27,7/23/2020 11:43,1.80277772,3,2,1,0.02551618,0.01275809
test,9,9,7.8,ambient,low,high,ambient,ambient_low,high_ambient,4.487,4.409,0.078,7/21/2020 16:27,7/23/2020 11:09,1.779166667,3,3,0,0.043840749,0.014613583
test,9,20,7.9,ambient,low,high,ambient,ambient_low,high_ambient,4.921,4.25,0.671,7/21/2020 16:27,7/23/2020 11:43,1.80277772,3,3,0,0.372203402,0.124067801
test,10,13,11.1,ambient,low,ambient,low,ambient_low,ambient_low,4.485,4.33,0.155,7/21/2020 16:39,7/23/2020 12:17,1.818055556,3,2,1,0.085255921,0.04262796
test,10,6,11.1,ambient,low,ambient,low,ambient_low,ambient_low,5.453,5.189,0.264,7/21/2020 16:39,7/23/2020 12:02,1.807638889,3,2,1,0.146046869,0.073023434
test,10,23,11.11,ambient,low,ambient,low,ambient_low,ambient_low,4.767,3.54,1.227,7/21/2020 16:39,7/23/2020 12:31,1.82777772,3,3,0,0.671307012,0.223769004
test,10,19,11.12,ambient,low,ambient,low,ambient_low,ambient_low,4.972,3.743,1.229,7/21/2020 16:39,7/23/2020 12:23,1.82222228,3,3,0,0.674451198,0.224817066
test,10,23,11.13,ambient,low,ambient,low,ambient_low,ambient_low,4.33,3.142,1.188,7/21/2020 16:39,7/23/2020 12:31,1.827777778,3,3,0,0.649969605,0.216656535
test,10,19,11.14,ambient,low,ambient,low,ambient_low,ambient_low,5.413,5.196,0.217,7/21/2020 16:39,7/23/2020 12:23,1.82222228,3,3,0,0.119085362,0.039695121
test,10,6,11.15,ambient,low,ambient,low,ambient_low,ambient_low,4.647,3.601,1.046,7/21/2020 16:39,7/23/2020 12:02,1.807638889,3,3,0,0.578655398,0.192885133
test,10,33,11.16,ambient,low,ambient,low,ambient_low,ambient_low,4.709,2.53,2.179,7/21/2020 16:39,7/23/2020 12:30,1.827083391,3,3,0,1.192611137,0.397537046
test,10,38,11.17,ambient,low,ambient,low,ambient_low,ambient_low,4.837,3.486,1.351,7/21/2020 16:39,7/23/2020 12:36,1.831250058,3,3,0,0.737747417,0.245915806
test,10,23,11.18,ambient,low,ambient,low,ambient_low,ambient_low,5.349,1.784,3.565,7/21/2020 16:39,7/23/2020 12:31,1.827777778,3,3,0,1.950455927,0.650151976
test,10,13,11.19,ambient,low,ambient,low,ambient_low,ambient_low,4.436,1.968,2.468,7/21/2020 16:39,7/23/2020 12:17,1.818055613,3,3,0,1.357494227,0.452498076
test,10,19,11.2,ambient,low,ambient,low,ambient_low,ambient_low,4.972,1.684,3.288,7/21/2020 16:39,7/23/2020 12:23,1.82222228,3,3,0,1.804390187,0.601463396
test,10,33,11.2,ambient,low,ambient,low,ambient_low,ambient_low,5.384,4.779,0.605,7/21/2020 16:39,7/23/2020 12:30,1.827083391,3,3,0,0.331128838,0.110376279
test,10,10,11.3,ambient,low,ambient,low,ambient_low,ambient_low,5.307,5.221,0.086,7/21/2020 16:39,7/23/2020 12:07,1.811111169,3,3,0,0.047484661,0.01582822
test,10,38,11.4,ambient,low,ambient,low,ambient_low,ambient_low,4.341,3.213,1.128,7/21/2020 16:39,7/23/2020 12:36,1.831250058,3,2,1,0.615972677,0.307986338
test,10,19,11.5,ambient,low,ambient,low,ambient_low,ambient_low,5.153,3.602,1.551,7/21/2020 16:39,7/23/2020 12:23,1.82222228,3,3,0,0.85115851,0.283719503
test,10,22,11.6,ambient,low,ambient,low,ambient_low,ambient_low,4.693,4.39,0.303,7/21/2020 16:39,7/23/2020 12:25,1.823611111,3,2,1,0.166153846,0.083076923
test,10,38,11.7,ambient,low,ambient,low,ambient_low,ambient_low,4.4,2.754,1.646,7/21/2020 16:39,7/23/2020 12:36,1.831250058,3,3,0,0.898839562,0.299613187
test,10,19,11.8,ambient,low,ambient,low,ambient_low,ambient_low,4.376,2.973,1.403,7/21/2020 16:39,7/23/2020 12:23,1.82222228,3,2,1,0.769939,0.3849695
test,10,10,11.9,ambient,low,ambient,low,ambient_low,ambient_low,4.861,3.538,1.323,7/21/2020 16:39,7/23/2020 12:07,1.811111169,3,3,0,0.730490774,0.243496925
test,11,15,13.1,ambient,ambient,high,low,ambient_ambient,high_low,4.757,4.293,0.464,7/21/2020 14:55,7/23/2020 13:14,1.929861111,3,2,1,0.24043181,0.120215905
test,11,34,13.1,ambient,ambient,high,low,ambient_ambient,high_low,4.341,2.905,1.436,7/21/2020 14:55,7/23/2020 13:53,1.956944444,3,3,0,0.733797019,0.244599006
test,11,5,13.11,ambient,ambient,high,low,ambient_ambient,high_low,5.243,4.482,0.761,7/21/2020 14:55,7/23/2020 13:05,1.923611111,3,3,0,0.395610108,0.131870036
test,11,30,13.12,ambient,ambient,high,low,ambient_ambient,high_low,5.542,5.385,0.157,7/21/2020 14:55,7/23/2020 13:33,1.943055556,3,2,1,0.080800572,0.040400286
test,11,18,13.13,ambient,ambient,high,low,ambient_ambient,high_low,4.237,1.944,2.293,7/21/2020 14:55,7/23/2020 13:19,1.933333275,3,3,0,1.186034518,0.395344839
test,11,15,13.14,ambient,ambient,high,low,ambient_ambient,high_low,5.212,4.387,0.825,7/21/2020 14:55,7/23/2020 13:14,1.929861111,3,2,1,0.427491904,0.213745952
test,11,18,13.15,ambient,ambient,high,low,ambient_ambient,high_low,4.59,3.559,1.031,7/21/2020 14:55,7/23/2020 13:19,1.933333275,3,2,1,0.533275878,0.266637939
test,11,34,13.16,ambient,ambient,high,low,ambient_ambient,high_low,5.716,4.639,1.077,7/21/2020 14:55,7/23/2020 13:53,1.956944444,3,3,0,0.550347764,0.183449255
test,11,21,13.17,ambient,ambient,high,low,ambient_ambient,high_low,5.963,5.384,0.579,7/21/2020 14:55,7/23/2020 13:29,1.940277778,3,2,1,0.29841088,0.14920544
test,11,21,13.18,ambient,ambient,high,low,ambient_ambient,high_low,4.866,4.001,0.865,7/21/2020 14:55,7/23/2020 13:29,1.940277778,3,3,0,0.445812455,0.148604152
test,11,15,13.19,ambient,ambient,high,low,ambient_ambient,high_low,5.573,3.928,1.645,7/21/2020 14:55,7/23/2020 13:14,1.929861111,3,3,0,0.852392947,0.284130982
test,11,18,13.2,ambient,ambient,high,low,ambient_ambient,high_low,4.479,3.806,0.673,7/21/2020 14:55,7/23/2020 13:19,1.933333333,3,3,0,0.348103448,0.116034483
test,11,15,13.2,ambient,ambient,high,low,ambient_ambient,high_low,4.874,4.013,0.861,7/21/2020 14:55,7/23/2020 13:14,1.929861111,3,3,0,0.446146096,0.148715365
test,11,15,13.3,ambient,ambient,high,low,ambient_ambient,high_low,4.936,4.356,0.58,7/21/2020 14:55,7/23/2020 13:14,1.929861111,3,3,0,0.300539763,0.100179921
test,11,18,13.4,ambient,ambient,high,low,ambient_ambient,high_low,4.946,4.161,0.785,7/21/2020 14:55,7/23/2020 13:19,1.933333333,3,3,0,0.406034483,0.135344828
test,11,5,13.5,ambient,ambient,high,low,ambient_ambient,high_low,4.82,3.276,1.544,7/21/2020 14:55,7/23/2020 13:05,1.923611111,3,3,0,0.80265704,0.267552347
test,11,15,13.6,ambient,ambient,high,low,ambient_ambient,high_low,5.698,5.385,0.313,7/21/2020 14:55,7/23/2020 13:14,1.929861111,3,2,1,0.162187837,0.081093919
test,11,30,13.7,ambient,ambient,high,low,ambient_ambient,high_low,5.163,5.012,0.151,7/21/2020 14:55,7/23/2020 13:33,1.943055556,3,2,1,0.077712652,0.038856326
test,11,18,13.8,ambient,ambient,high,low,ambient_ambient,high_low,5.792,4.863,0.929,7/21/2020 14:55,7/23/2020 13:19,1.933333275,3,3,0,0.480517256,0.160172419
test,11,31,13.9,ambient,ambient,high,low,ambient_ambient,high_low,5.558,4.024,1.534,7/21/2020 14:55,7/23/2020 13:47,1.952777778,3,3,0,0.785547653,0.261849218
test,12,14,8.1,high,low,high,ambient,high_low,high_ambient,4.563,4.403,0.16,7/21/2020 17:05,7/23/2020 11:28,1.765972222,3,1,2,0.090601652,0.090601652
test,12,17,8.1,high,low,high,ambient,high_low,high_ambient,4.482,3.86,0.622,7/21/2020 17:05,7/23/2020 11:39,1.773611169,3,3,0,0.350696935,0.116898978
test,12,14,8.11,high,low,high,ambient,high_low,high_ambient,4.182,3.854,0.328,7/21/2020 17:05,7/23/2020 11:28,1.765972222,3,2,1,0.185733386,0.092866693
test,12,17,8.12,high,low,high,ambient,high_low,high_ambient,5.388,3.903,1.485,7/21/2020 17:05,7/23/2020 11:39,1.773611169,3,2,1,0.837274836,0.418637418
test,12,1,8.13,high,low,high,ambient,high_low,high_ambient,4.908,4.605,0.303,7/21/2020 17:05,7/23/2020 11:04,1.749305556,3,2,1,0.173211592,0.086605796
test,12,32,8.14,high,low,high,ambient,high_low,high_ambient,4.432,4.216,0.216,7/21/2020 17:05,7/23/2020 12:07,1.793055613,3,3,0,0.120464752,0.040154917
test,12,32,8.15,high,low,high,ambient,high_low,high_ambient,3.843,3.538,0.305,7/21/2020 17:05,7/23/2020 12:07,1.793055613,3,2,1,0.170100692,0.085050346
test,12,32,8.16,high,low,high,ambient,high_low,high_ambient,5.244,5.167,0.077,7/21/2020 17:05,7/23/2020 12:07,1.793055613,3,1,2,0.042943453,0.042943453
test,12,20,8.17,high,low,high,ambient,high_low,high_ambient,3.887,3.648,0.239,7/21/2020 17:05,7/23/2020 11:43,1.776388889,3,3,0,0.134542611,0.044847537
test,12,20,8.18,high,low,high,ambient,high_low,high_ambient,5.26,5.248,0.012,7/21/2020 17:05,7/23/2020 11:43,1.776388889,3,2,1,0.006755278,0.003377639
test,12,17,8.19,high,low,high,ambient,high_low,high_ambient,4.775,4.751,0.024,7/21/2020 17:05,7/23/2020 11:39,1.773611169,3,3,0,0.013531715,0.004510572
test,12,1,8.2,high,low,high,ambient,high_low,high_ambient,4.33,4.198,0.132,7/21/2020 17:05,7/23/2020 11:04,1.749305556,3,3,0,0.075458515,0.025152838
test,12,11,8.2,high,low,high,ambient,high_low,high_ambient,4.847,4.404,0.443,7/21/2020 17:05,7/23/2020 11:23,1.762500058,3,2,1,0.251347509,0.125673755
test,12,11,8.3,high,low,high,ambient,high_low,high_ambient,4.518,4.054,0.464,7/21/2020 17:05,7/23/2020 11:23,1.762500058,3,2,1,0.263262403,0.131631201
test,12,11,8.4,high,low,high,ambient,high_low,high_ambient,4.128,3.695,0.433,7/21/2020 17:05,7/23/2020 11:23,1.762500058,3,2,1,0.245673751,0.122836875
test,12,14,8.5,high,low,high,ambient,high_low,high_ambient,4.426,3.335,1.091,7/21/2020 17:05,7/23/2020 11:28,1.76597228,3,3,0,0.617789992,0.205929997
test,12,17,8.7,high,low,high,ambient,high_low,high_ambient,4.722,4.251,0.471,7/21/2020 17:05,7/23/2020 11:39,1.773611169,3,3,0,0.265559897,0.088519966
test,12,1,8.8,high,low,high,ambient,high_low,high_ambient,4.735,4.661,0.074,7/21/2020 17:05,7/23/2020 11:04,1.749305556,3,2,1,0.042302501,0.02115125
test,12,20,8.9,high,low,high,ambient,high_low,high_ambient,4.447,4.4,0.047,7/21/2020 17:05,7/23/2020 11:43,1.776388889,3,3,0,0.02645817,0.00881939
test,13,23,12.1,high,low,ambient,low,high_low,ambient_low,4.119,2.99,1.129,7/21/2020 17:12,7/23/2020 12:31,1.804861053,3,3,0,0.625532917,0.208510972
test,13,13,12.1,high,low,ambient,low,high_low,ambient_low,4.857,4.181,0.676,7/21/2020 17:12,7/23/2020 12:17,1.795138889,3,3,0,0.376572534,0.125524178
test,13,38,12.11,high,low,ambient,low,high_low,ambient_low,4.627,3.775,0.852,7/21/2020 17:12,7/23/2020 12:36,1.808333333,3,3,0,0.471152074,0.157050691
test,13,33,12.12,high,low,ambient,low,high_low,ambient_low,4.129,3.223,0.906,7/21/2020 17:12,7/23/2020 12:30,1.804166667,3,2,1,0.502170901,0.25108545
test,13,33,12.13,high,low,ambient,low,high_low,ambient_low,4.946,3.771,1.175,7/21/2020 17:12,7/23/2020 12:30,1.804166667,3,3,0,0.651270208,0.217090069
test,13,38,12.14,high,low,ambient,low,high_low,ambient_low,5.643,4.244,1.399,7/21/2020 17:12,7/23/2020 12:36,1.808333333,3,3,0,0.773640553,0.257880184
test,13,13,12.15,high,low,ambient,low,high_low,ambient_low,5.322,4.779,0.543,7/21/2020 17:12,7/23/2020 12:17,1.795138889,3,2,1,0.302483559,0.151241779
test,13,19,12.16,high,low,ambient,low,high_low,ambient_low,5.151,5.069,0.082,7/21/2020 17:12,7/23/2020 12:23,1.799305556,3,1,2,0.045573138,0.045573138
test,13,33,12.17,high,low,ambient,low,high_low,ambient_low,5.354,4.439,0.915,7/21/2020 17:12,7/23/2020 12:30,1.804166667,3,3,0,0.507159353,0.169053118
test,13,23,12.18,high,low,ambient,low,high_low,ambient_low,6.077,5.204,0.873,7/21/2020 17:12,7/23/2020 12:31,1.804861053,3,3,0,0.483693744,0.161231248
test,13,6,12.19,high,low,ambient,low,high_low,ambient_low,4.767,3.279,1.488,7/21/2020 17:12,7/23/2020 12:02,1.784722164,3,3,0,0.833743218,0.277914406
test,13,10,12.2,high,low,ambient,low,high_low,ambient_low,6.325,4.257,2.068,7/21/2020 17:12,7/23/2020 12:07,1.788194444,3,3,0,1.156473786,0.385491262
test,13,10,12.2,high,low,ambient,low,high_low,ambient_low,5.402,4.156,1.246,7/21/2020 17:12,7/23/2020 12:07,1.788194444,3,3,0,0.696792233,0.232264078
test,13,19,12.3,high,low,ambient,low,high_low,ambient_low,5.351,2.559,2.792,7/21/2020 17:12,7/23/2020 12:23,1.799305556,3,3,0,1.551709765,0.517236588
test,13,6,12.4,high,low,ambient,low,high_low,ambient_low,5.513,4.077,1.436,7/21/2020 17:12,7/23/2020 12:02,1.784722164,3,3,0,0.80460703,0.268202343
test,13,23,12.5,high,low,ambient,low,high_low,ambient_low,5.237,4.084,1.153,7/21/2020 17:12,7/23/2020 12:31,1.804861053,3,3,0,0.63883034,0.212943447
test,13,6,12.6,high,low,ambient,low,high_low,ambient_low,4.757,4.07,0.687,7/21/2020 17:12,7/23/2020 12:02,1.784722164,3,3,0,0.384933865,0.128311288
test,13,10,12.7,high,low,ambient,low,high_low,ambient_low,5.542,4.699,0.843,7/21/2020 17:12,7/23/2020 12:07,1.788194444,3,2,1,0.471425243,0.235712621
test,13,22,12.8,high,low,ambient,low,high_low,ambient_low,5.037,3.715,1.322,7/21/2020 17:12,7/23/2020 12:25,1.800694387,3,3,0,0.734161227,0.244720409
test,13,19,12.9,high,low,ambient,low,high_low,ambient_low,4.903,4.157,0.746,7/21/2020 17:12,7/23/2020 12:23,1.799305556,3,3,0,0.4146044,0.138201467
test,14,21,14.1,high,ambient,high,low,high_ambient,high_low,4.699,3.983,0.716,7/21/2020 15:59,7/23/2020 13:29,1.895833275,3,3,0,0.377670341,0.125890114
test,14,15,14.1,high,ambient,high,low,high_ambient,high_low,5.527,2.163,3.364,7/21/2020 15:59,7/23/2020 13:14,1.885416667,3,3,0,1.784220994,0.594740331
test,14,3,14.11,high,ambient,high,low,high_ambient,high_low,5.388,4.757,0.631,7/21/2020 15:59,7/23/2020 13:00,1.875694444,3,3,0,0.336408738,0.112136246
test,14,34,14.12,high,ambient,high,low,high_ambient,high_low,5.41,2.57,2.84,7/21/2020 15:59,7/23/2020 13:53,1.9125,3,3,0,1.48496732,0.494989107
test,14,30,14.13,high,ambient,high,low,high_ambient,high_low,6.127,4.573,1.554,7/21/2020 15:59,7/23/2020 13:33,1.898611053,3,3,0,0.818493075,0.272831025
test,14,31,14.14,high,ambient,high,low,high_ambient,high_low,4.917,3.773,1.144,7/21/2020 15:59,7/23/2020 13:47,1.908333333,3,3,0,0.599475983,0.199825328
test,14,3,14.15,high,ambient,high,low,high_ambient,high_low,3.996,3.923,0.073,7/21/2020 15:59,7/23/2020 13:00,1.875694444,3,3,0,0.038918919,0.012972973
test,14,5,14.16,high,ambient,high,low,high_ambient,high_low,4.935,3.097,1.838,7/21/2020 15:59,7/23/2020 13:05,1.879166667,3,3,0,0.978093126,0.326031042
test,14,3,14.17,high,ambient,high,low,high_ambient,high_low,5.67,4.039,1.631,7/21/2020 15:59,7/23/2020 13:00,1.875694387,3,3,0,0.86954464,0.289848213
test,14,21,14.18,high,ambient,high,low,high_ambient,high_low,5.432,5.327,0.105,7/21/2020 15:59,7/23/2020 13:29,1.895833275,3,3,0,0.055384617,0.018461539
test,14,5,14.19,high,ambient,high,low,high_ambient,high_low,4.842,3.651,1.191,7/21/2020 15:59,7/23/2020 13:05,1.879166667,3,2,1,0.633791574,0.316895787
test,14,5,14.2,high,ambient,high,low,high_ambient,high_low,5.531,5.262,0.269,7/21/2020 15:59,7/23/2020 13:05,1.879166667,3,2,1,0.143148559,0.071574279
test,14,30,14.2,high,ambient,high,low,high_ambient,high_low,5.385,3.117,2.268,7/21/2020 15:59,7/23/2020 13:33,1.898611053,3,3,0,1.194557461,0.39818582
test,14,34,14.3,high,ambient,high,low,high_ambient,high_low,5.453,2.109,3.344,7/21/2020 15:59,7/23/2020 13:53,1.9125,3,3,0,1.748496732,0.582832244
test,14,30,14.4,high,ambient,high,low,high_ambient,high_low,5.031,4.394,0.637,7/21/2020 15:59,7/23/2020 13:33,1.898611053,3,3,0,0.335508423,0.111836141
test,14,15,14.5,high,ambient,high,low,high_ambient,high_low,5.574,5.011,0.563,7/21/2020 15:59,7/23/2020 13:14,1.885416667,3,2,1,0.298607735,0.149303867
test,14,15,14.6,high,ambient,high,low,high_ambient,high_low,5.404,5.342,0.062,7/21/2020 15:59,7/23/2020 13:14,1.885416667,3,2,1,0.032883978,0.016441989
test,14,31,14.7,high,ambient,high,low,high_ambient,high_low,5.243,4.545,0.698,7/21/2020 15:59,7/23/2020 13:47,1.908333333,3,2,1,0.365764192,0.182882096
test,14,18,14.8,high,ambient,high,low,high_ambient,high_low,5.542,4.577,0.965,7/21/2020 15:59,7/23/2020 13:19,1.888888831,3,2,1,0.510882369,0.255441184
test,14,18,14.9,high,ambient,high,low,high_ambient,high_low,4.935,4.332,0.603,7/21/2020 15:59,7/23/2020 13:19,1.888888831,3,3,0,0.319235304,0.106411768
test,15,3,15.1,ambient,low,high,low,ambient_low,high_low,4.883,4.356,0.527,7/21/2020 16:46,7/23/2020 13:00,1.843055556,3,2,1,0.285938206,0.142969103
test,15,34,15.1,ambient,low,high,low,ambient_low,high_low,4.977,3.282,1.695,7/21/2020 16:46,7/23/2020 13:53,1.879861169,3,3,0,0.901662329,0.30055411
test,15,30,15.11,ambient,low,high,low,ambient_low,high_low,3.957,1.266,2.691,7/21/2020 16:46,7/23/2020 13:33,1.865972164,3,3,0,1.442143699,0.480714566
test,15,3,15.12,ambient,low,high,low,ambient_low,high_low,4.461,2.886,1.575,7/21/2020 16:46,7/23/2020 13:00,1.843055556,3,3,0,0.854559156,0.284853052
test,15,3,15.13,ambient,low,high,low,ambient_low,high_low,4.962,4.534,0.428,7/21/2020 16:46,7/23/2020 13:00,1.843055556,3,3,0,0.23222306,0.077407687
test,15,18,15.14,ambient,low,high,low,ambient_low,high_low,5.268,3.771,1.497,7/21/2020 16:46,7/23/2020 13:19,1.856249942,3,3,0,0.806464672,0.268821557
test,15,3,15.15,ambient,low,high,low,ambient_low,high_low,5.237,4.588,0.649,7/21/2020 16:46,7/23/2020 13:00,1.843055556,3,2,1,0.35213263,0.176066315
test,15,30,15.16,ambient,low,high,low,ambient_low,high_low,5.352,3.922,1.43,7/21/2020 16:46,7/23/2020 13:33,1.865972222,3,3,0,0.766356531,0.255452177
test,15,5,15.17,ambient,low,high,low,ambient_low,high_low,4.567,2.958,1.609,7/21/2020 16:46,7/23/2020 13:05,1.846527836,3,3,0,0.871365148,0.290455049
test,15,30,15.18,ambient,low,high,low,ambient_low,high_low,5.231,4.696,0.535,7/21/2020 16:46,7/23/2020 13:33,1.865972222,3,3,0,0.286713807,0.095571269
test,15,34,15.19,ambient,low,high,low,ambient_low,high_low,5.216,3.207,2.009,7/21/2020 16:46,7/23/2020 13:53,1.879861169,3,3,0,1.068695941,0.35623198
test,15,18,15.2,ambient,low,high,low,ambient_low,high_low,4.465,3.524,0.941,7/21/2020 16:46,7/23/2020 13:19,1.85625,3,3,0,0.506936027,0.168978676
test,15,21,15.2,ambient,low,high,low,ambient_low,high_low,5.04,3.079,1.961,7/21/2020 16:46,7/23/2020 13:29,1.863194444,3,2,1,1.052493477,0.526246739
test,15,31,15.3,ambient,low,high,low,ambient_low,high_low,4.555,3.73,0.825,7/21/2020 16:46,7/23/2020 13:47,1.875694502,3,3,0,0.439837084,0.146612361
test,15,34,15.4,ambient,low,high,low,ambient_low,high_low,4.696,4.009,0.687,7/21/2020 16:46,7/23/2020 13:53,1.879861169,3,3,0,0.365452519,0.121817506
test,15,15,15.5,ambient,low,high,low,ambient_low,high_low,5.285,4.014,1.271,7/21/2020 16:46,7/23/2020 13:14,1.852777836,3,3,0,0.68599698,0.22866566
test,15,34,15.6,ambient,low,high,low,ambient_low,high_low,5.415,5.132,0.283,7/21/2020 16:46,7/23/2020 13:53,1.879861169,3,1,2,0.150543032,0.150543032
test,15,5,15.7,ambient,low,high,low,ambient_low,high_low,4.576,3.713,0.863,7/21/2020 16:46,7/23/2020 13:05,1.846527836,3,3,0,0.467363656,0.155787885
test,15,30,15.8,ambient,low,high,low,ambient_low,high_low,5.278,3.306,1.972,7/21/2020 16:46,7/23/2020 13:33,1.865972222,3,3,0,1.056821734,0.352273911
test,15,31,15.9,ambient,low,high,low,ambient_low,high_low,4.743,3.851,0.892,7/21/2020 16:46,7/23/2020 13:47,1.875694502,3,3,0,0.475557186,0.158519062
test,16,34,16.1,high,low,high,low,high_low,high_low,4.323,3.355,0.968,7/21/2020 17:19,7/23/2020 13:53,1.856944444,3,3,0,0.521286462,0.173762154
test,16,21,16.1,high,low,high,low,high_low,high_low,4.645,4.315,0.33,7/21/2020 17:19,7/23/2020 13:29,1.84027772,3,2,1,0.17932076,0.08966038
test,16,5,16.11,high,low,high,low,high_low,high_low,4.991,4.683,0.308,7/21/2020 17:19,7/23/2020 13:05,1.823611111,3,2,1,0.168895659,0.084447829
test,16,21,16.12,high,low,high,low,high_low,high_low,5.787,5.399,0.388,7/21/2020 17:19,7/23/2020 13:29,1.84027772,3,2,1,0.210837742,0.105418871
test,16,3,16.13,high,low,high,low,high_low,high_low,4.03,3.622,0.408,7/21/2020 17:19,7/23/2020 13:00,1.820138831,3,2,1,0.224158725,0.112079363
test,16,18,16.14,high,low,high,low,high_low,high_low,5.001,4.856,0.145,7/21/2020 17:19,7/23/2020 13:19,1.833333275,3,3,0,0.079090912,0.026363637
test,16,31,16.15,high,low,high,low,high_low,high_low,5.313,2.544,2.769,7/21/2020 17:19,7/23/2020 13:47,1.852777778,3,3,0,1.494512744,0.498170915
test,16,5,16.16,high,low,high,low,high_low,high_low,4.977,3.302,1.675,7/21/2020 17:19,7/23/2020 13:05,1.823611111,3,2,1,0.918507235,0.459253618
test,16,30,16.17,high,low,high,low,high_low,high_low,4.81,3.239,1.571,7/21/2020 17:19,7/23/2020 13:33,1.843055498,3,3,0,0.852388874,0.284129625
test,16,3,16.18,high,low,high,low,high_low,high_low,5.225,3.347,1.878,7/21/2020 17:19,7/23/2020 13:00,1.820138831,3,2,1,1.031789426,0.515894713
test,16,31,16.19,high,low,high,low,high_low,high_low,4.281,2.13,2.151,7/21/2020 17:19,7/23/2020 13:47,1.852777778,3,3,0,1.16095952,0.386986507
test,16,21,16.2,high,low,high,low,high_low,high_low,5.279,3.53,1.749,7/21/2020 17:19,7/23/2020 13:29,1.84027772,3,3,0,0.95040003,0.31680001
test,16,31,16.2,high,low,high,low,high_low,high_low,4.089,0.998,3.091,7/21/2020 17:19,7/23/2020 13:47,1.852777778,3,2,1,1.668305847,0.834152924
test,16,21,16.3,high,low,high,low,high_low,high_low,4.294,3.674,0.62,7/21/2020 17:19,7/23/2020 13:29,1.84027772,3,3,0,0.336905671,0.11230189
test,16,21,16.4,high,low,high,low,high_low,high_low,4.73,3.169,1.561,7/21/2020 17:19,7/23/2020 13:29,1.84027772,3,3,0,0.848241536,0.282747179
test,16,5,16.5,high,low,high,low,high_low,high_low,4.977,4.409,0.568,7/21/2020 17:19,7/23/2020 13:05,1.823611111,3,2,1,0.311469916,0.155734958
test,16,3,16.6,high,low,high,low,high_low,high_low,4.543,3.755,0.788,7/21/2020 17:19,7/23/2020 13:00,1.820138831,3,1,2,0.432934008,0.432934008
test,16,31,16.7,high,low,high,low,high_low,high_low,5.132,3.933,1.199,7/21/2020 17:19,7/23/2020 13:47,1.852777778,3,3,0,0.647136432,0.215712144
test,16,34,16.8,high,low,high,low,high_low,high_low,4.193,3.559,0.634,7/21/2020 17:19,7/23/2020 13:53,1.856944444,3,3,0,0.341421092,0.113807031
