tank,treatment,CO2,light,avalida,CO2_light_combo,CO2_avalida_combo,light_avalida_combo,shoot_id,mortality,broken,herbivory,wet_wt_b4_g,wet_wt_aft_g,wet_wt_change_g,shoot_length_b4_cm,shoot_length_aft_cm,shoot_length_change_cm,rhizome_length_b4_cm,rhizome_length_aft_cm,rhizome_length_change_cm,sheath_width_mm,sheath_width_cm,leaf3_growth_cm,foil_wt_abv_g,total_wt_abv_g,dry_wt_abv_g,foil_wt_blw_g,total_wt_blw_g,dry_wt_blw_g,root_shoot_ratio,boat_wt_g,boat_plus_epi_wt_g,epi_wt_g,epi_load,carbon,nitrogen,c_to_n_ratio
1,6,high,ambient,present,high_ambient,high_present,ambient_present,1.1,0,1,0,13.9,10,-3.9,75,145.9,70.9,5,8,3,8,0.8,42,2.0705,3.134,1.0635,2.3429,2.7256,0.3827,0.359849553,4.8488,6.4784,1.6296,1.532299013,27.515,1.832,17.51499467
1,6,high,ambient,present,high_ambient,high_present,ambient_present,1.2,0,1,0,17.4,14.9,-2.5,75,146.7,71.7,5,7.6,2.6,8,0.8,48.6,2.1134,3.6073,1.4939,2.2545,2.6391,0.3846,0.257446951,4.5442,7.428,2.8838,1.93038356,27.081,1.694,18.64306239
1,6,high,ambient,present,high_ambient,high_present,ambient_present,1.3,0,1,0,17,16.4,-0.6,75,144.2,69.2,5,7.4,2.4,9,0.9,38.8,2.104,3.8117,1.7077,2.087,2.5195,0.4325,0.253264625,4.3128,6.8416,2.5288,1.480822158,28.394,1.933,17.13013106
1,6,high,ambient,present,high_ambient,high_present,ambient_present,1.4,0,1,0,17.2,12.8,-4.4,75,101,26,5,8,3,9,0.9,51.6,1.9662,3.2955,1.3293,2.0615,2.4872,0.4257,0.320243737,,,,,,,
2,1,ambient,ambient,absent,ambient_ambient,ambient_absent,ambient_absent,2.1,1,,,15.7,,,75,,,5,,,,,,1.7006,,,1.7866,,,,,,,,,,
2,1,ambient,ambient,absent,ambient_ambient,ambient_absent,ambient_absent,2.2,0,0,0,16,14.5,-1.5,75,142,67,5,8.1,3.1,9,0.9,,2.0224,3.3519,1.3295,1.8055,2.1771,0.3716,0.279503573,4.55,4.9841,0.4341,0.326513727,27.831,1.936,16.76445425
2,1,ambient,ambient,absent,ambient_ambient,ambient_absent,ambient_absent,2.3,0,1,0,18.7,19.3,0.6,75,133,58,5,7.5,2.5,9,0.9,74.3,1.9381,3.579,1.6409,1.7865,2.1954,0.4089,0.249192516,4.948,5.935,0.987,0.601499177,25.223,1.744,16.8661602
2,1,ambient,ambient,absent,ambient_ambient,ambient_absent,ambient_absent,2.4,0,1,0,16.9,18.2,1.3,75,125.9,50.9,5,9.5,4.5,9,0.9,70.9,1.9149,3.472,1.5571,1.9914,2.4806,0.4892,0.314173785,4.3548,5.9275,1.5727,1.010018624,15.373,1.047,17.12292314
2,1,ambient,ambient,absent,ambient_ambient,ambient_absent,ambient_absent,2.5,0,1,0,12.5,11.4,-1.1,75,116,41,5,7.1,2.1,7,0.7,68.6,2.3306,3.3696,1.039,2.0348,2.3216,0.2868,0.276034649,,,,,,,
3,8,high,low,present,high_low,high_present,low_present,3.1,0,1,1,16.8,17.8,1,75,93.1,18.1,5,7.5,2.5,9,0.9,61.7,1.9922,3.4909,1.4987,2.1547,2.7024,0.5477,0.365450057,4.609,6.0571,1.4481,0.966237406,24.515,1.608,17.7791836
3,8,high,low,present,high_low,high_present,low_present,3.2,0,1,1,18.7,19.5,0.8,75,123,48,5,8.3,3.3,8,0.8,61.3,2.1891,3.7771,1.588,1.948,2.3874,0.4394,0.276700252,4.683,5.9894,1.3064,0.822670025,24.231,1.458,19.38116038
3,8,high,low,present,high_low,high_present,low_present,3.3,0,1,1,15.2,13.4,-1.8,75,129,54,5,8.1,3.1,8,0.8,,1.6599,2.8176,1.1577,2.0924,2.5027,0.4103,0.354409605,4.616,5.9685,1.3525,1.168264663,25.856,1.906,15.81992443
3,8,high,low,present,high_low,high_present,low_present,3.4,0,0,1,14.7,16.2,1.5,75,122.4,47.4,5,8.4,3.4,8,0.8,63.7,2.0683,3.5258,1.4575,1.88,2.2503,0.3703,0.25406518,,,,,,,
3,8,high,low,present,high_low,high_present,low_present,3.5,0,0,1,19.4,20.8,1.4,75,128.4,53.4,5,9.1,4.1,8,0.8,96.7,2.1246,3.9003,1.7757,1.9536,2.5187,0.5651,0.318240694,,,,,,,
4,5,ambient,ambient,present,ambient_ambient,ambient_present,ambient_present,4.1,0,1,1,15.1,17.1,2,75,128.2,53.2,5,9.8,4.8,8,0.8,,1.9723,3.4864,1.5141,2.0289,2.6567,0.6278,0.414635757,4.3895,6.6334,2.2439,1.48200251,27.113,1.761,17.95494916
4,5,ambient,ambient,present,ambient_ambient,ambient_present,ambient_present,4.2,0,1,1,17.9,15.8,-2.1,75,116.5,41.5,5,9.2,4.2,8,0.8,88.8,1.8864,3.4037,1.5173,1.9683,2.7274,0.7591,0.500296579,4.3719,5.579,1.2071,0.795557899,25.496,1.721,17.27655479
4,5,ambient,ambient,present,ambient_ambient,ambient_present,ambient_present,4.3,0,1,1,16.6,18.1,1.5,75,165.6,90.6,5,7.4,2.4,8,0.8,97.3,2.1319,4.0468,1.9149,2.3162,2.81,0.4938,0.257872474,4.2658,6.402,2.1362,1.115567393,27.936,1.909,17.06570583
4,5,ambient,ambient,present,ambient_ambient,ambient_present,ambient_present,4.4,0,0,1,19.6,19.3,-0.3,75,127.2,52.2,5,8.1,3.1,9,0.9,83.3,2.2299,3.8396,1.6097,2.1942,2.7877,0.5935,0.368702243,,,,,,,
4,5,ambient,ambient,present,ambient_ambient,ambient_present,ambient_present,4.5,0,1,1,20.2,20.4,0.2,75,154.5,79.5,5,8.8,3.8,8,0.8,57.4,1.8865,3.8178,1.9313,2.0909,2.5096,0.4187,0.216796976,,,,,,,
5,4,high,low,absent,high_low,high_absent,low_absent,5.1,1,,,16.6,,,75,,,5,,,,,,1.787,,,2.0529,,,,,,,,,,
5,4,high,low,absent,high_low,high_absent,low_absent,5.2,0,1,0,13.7,11.3,-2.4,75,142.7,67.7,5,7.1,2.1,7,0.7,75.9,2.088,3.588,1.5,2.0187,2.2625,0.2438,0.162533333,4.5806,6.9506,2.37,1.58,27.307,1.825,17.44926279
5,4,high,low,absent,high_low,high_absent,low_absent,5.3,0,1,0,19.7,17.1,-2.6,75,93.5,18.5,5,9.2,4.2,9,0.9,64.6,1.7354,3.2072,1.4718,1.9158,2.4686,0.5528,0.37559451,4.5784,6.3484,1.77,1.20260905,24.238,1.573,17.96941837
5,4,high,low,absent,high_low,high_absent,low_absent,5.4,0,1,0,15.3,13.8,-1.5,75,137.5,62.5,5,8.3,3.3,9,0.9,27.3,2.1804,3.4892,1.3088,1.7922,2.162,0.3698,0.2825489,4.2721,6.0399,1.7678,1.350702934,26.936,1.842,17.05333954
5,4,high,low,absent,high_low,high_absent,low_absent,5.5,0,1,0,17,18.8,1.8,75,145.1,70.1,5,7.3,2.3,9,0.9,77,1.8995,3.5785,1.679,2.0486,2.4244,0.3758,0.223823705,,,,,,,
6,3,ambient,low,absent,ambient_low,ambient_absent,low_absent,6.1,0,1,0,9.9,9.6,-0.3,75,124.3,49.3,5,7.5,2.5,7,0.7,65.1,1.9208,2.8314,0.9106,1.9988,2.3442,0.3454,0.379310345,4.1604,4.5971,0.4367,0.479573907,25.994,1.796,16.87845709
6,3,ambient,low,absent,ambient_low,ambient_absent,low_absent,6.2,0,1,0,17.2,18.1,0.9,75,143.4,68.4,5,8.7,3.7,8,0.8,65.4,2.248,3.9784,1.7304,1.6877,2.2554,0.5677,0.328074434,4.31,5.4716,1.1616,0.671289875,26.669,1.879,16.55182603
6,3,ambient,low,absent,ambient_low,ambient_absent,low_absent,6.3,0,1,0,12.6,13.3,0.7,75,127.7,52.7,5,7.9,2.9,7,0.7,60,1.8945,3.0735,1.179,1.9688,2.5114,0.5426,0.460220526,4.2547,4.9089,0.6542,0.554877014,28.211,1.931,17.03735485
6,3,ambient,low,absent,ambient_low,ambient_absent,low_absent,6.4,1,,,19.5,,,75,,,5,,,,,,1.914,,,1.9993,,,,,,,,,,
6,3,ambient,low,absent,ambient_low,ambient_absent,low_absent,6.5,0,,0,13.9,18.3,4.4,75,150,75,5,8.9,3.9,9,0.9,117.2,1.6878,3.3893,1.7015,2.0194,2.4765,0.4571,0.268645313,,,,,,,
7,3,ambient,low,absent,ambient_low,ambient_absent,low_absent,7.1,0,1,0,12.3,11.6,-0.7,75,143.6,68.6,5,8.6,3.6,7,0.7,79.8,2.4318,3.6741,1.2423,1.9701,2.2628,0.2927,0.235611366,4.557,5.8642,1.3072,1.05224181,27.496,1.669,19.21229047
7,3,ambient,low,absent,ambient_low,ambient_absent,low_absent,7.2,0,1,0,14.6,15.3,0.7,75,146.4,71.4,5,8.7,3.7,8,0.8,92.4,2.1777,3.8204,1.6427,1.768,2.1757,0.4077,0.248188957,4.494,7.2834,2.7894,1.698058075,26.372,1.531,20.08786764
7,3,ambient,low,absent,ambient_low,ambient_absent,low_absent,7.3,0,1,0,19.3,20.2,0.9,75,154.5,79.5,5,8.1,3.1,9,0.9,86.1,2.4264,4.2665,1.8401,1.9461,2.4563,0.5102,0.27726754,4.69,7.7306,3.0406,1.652410195,24.708,1.344,21.43898822
7,3,ambient,low,absent,ambient_low,ambient_absent,low_absent,7.4,1,,,13.9,,,75,,,5,,,,,,1.9252,,,2.0226,,,,,,,,,,
7,3,ambient,low,absent,ambient_low,ambient_absent,low_absent,7.5,0,0,0,15.7,16.9,1.2,75,145.3,70.3,5,8.3,3.3,8,0.8,90.1,1.9962,3.439,1.4428,1.9556,2.4195,0.4639,0.321527585,,,,,,,
8,1,ambient,ambient,absent,ambient_ambient,ambient_absent,ambient_absent,8.1,0,1,0,22.4,23.5,1.1,75,130.2,55.2,5,9.6,4.6,10,1,76.3,2.0378,4.0223,1.9845,1.6471,2.3838,0.7367,0.371227009,4.6642,6.5205,1.8563,0.935399345,27.62,1.67,19.28737679
8,1,ambient,ambient,absent,ambient_ambient,ambient_absent,ambient_absent,8.2,1,,,18.5,,,75,,,5,,,,,,1.1745,,,2.3961,,,,,,,,,,
8,1,ambient,ambient,absent,ambient_ambient,ambient_absent,ambient_absent,8.3,0,1,0,19.3,22.1,2.8,75,143.7,68.7,5,8,3,9,0.9,73.9,2.0024,2.0205,,1.9833,2.673,0.6897,,4.3327,6.8524,2.5197,,27.793,1.618,20.03193359
8,1,ambient,ambient,absent,ambient_ambient,ambient_absent,ambient_absent,8.4,0,1,0,18.6,19.2,0.6,75,143.8,68.8,5,9.9,4.9,9,0.9,76.9,1.9029,4.0966,2.1937,2.3108,2.7601,0.4493,0.204813785,4.3551,7.3056,2.9505,1.34498792,27.275,1.683,18.89933856
8,1,ambient,ambient,absent,ambient_ambient,ambient_absent,ambient_absent,8.5,0,1,0,17.4,16.3,-1.1,75,129.6,54.6,5,7.5,2.5,8,0.8,85.7,2.2798,4.0163,1.7365,2.1584,2.5149,0.3565,0.205298013,,,,,,,
9,6,high,ambient,present,high_ambient,high_present,ambient_present,9.1,0,1,1,20.8,16.9,-3.9,75,140.5,65.5,5,8.5,3.5,8,0.8,42.4,1.9938,3.9609,1.9671,2.33,2.864,0.534,0.271465609,4.4234,6.4901,2.0667,1.050632911,21.454,1.376,18.18259243
9,6,high,ambient,present,high_ambient,high_present,ambient_present,9.2,0,1,1,12.1,9.1,-3,75,102.8,27.8,5,7,2,7,0.7,55.7,1.7269,2.8561,1.1292,2.1214,2.4386,0.3172,0.280906837,4.4802,6.5287,2.0485,1.814116188,24.961,1.615,18.02417583
9,6,high,ambient,present,high_ambient,high_present,ambient_present,9.3,0,1,1,17.1,13.1,-4,75,153,78,5,8.7,3.7,8,0.8,80.9,1.8323,3.6531,1.8208,2.4397,2.8576,0.4179,0.229514499,4.3603,8.2925,3.9322,2.159600176,25.96,1.756,17.24035238
9,6,high,ambient,present,high_ambient,high_present,ambient_present,9.4,0,1,1,18.8,20.3,1.5,75,143.5,68.5,5,8.6,3.6,9,0.9,69,2.0281,4.1918,2.1637,1.8836,2.3356,0.452,0.208901419,,,,,,,
9,6,high,ambient,present,high_ambient,high_present,ambient_present,9.5,0,1,1,18.2,18.7,0.5,75,120.8,45.8,5,7.3,2.3,7,0.7,63.4,1.9938,3.9164,1.9226,2.2135,2.5786,0.3651,0.189899095,,,,,,,
10,7,ambient,low,present,ambient_low,ambient_present,low_present,10.1,0,1,1,19.3,15.6,-3.7,75,99.8,24.8,5,8.6,3.6,8,0.8,64,2.0982,3.5274,1.4292,1.9245,2.3475,0.423,0.295969773,4.756,5.8337,1.0777,0.754058214,21.993,1.393,18.41193019
10,7,ambient,low,present,ambient_low,ambient_present,low_present,10.2,0,1,1,17.1,16,-1.1,75,143.7,68.7,5,7.8,2.8,9,0.9,74.9,2.3001,4.0594,1.7593,2.0557,2.4855,0.4298,0.244301711,4.733,5.5309,0.7979,0.453532655,26.625,1.567,19.81465804
10,7,ambient,low,present,ambient_low,ambient_present,low_present,10.3,0,1,1,21.2,14.6,-6.6,75,121.7,46.7,5,9,4,8,0.8,,2.1408,3.5494,1.4086,2.0577,2.6072,0.5495,0.390103649,4.709,5.1821,0.4731,0.335865398,26.331,1.495,20.53960664
10,7,ambient,low,present,ambient_low,ambient_present,low_present,10.4,0,1,1,14,14.5,0.5,75,87.7,12.7,5,7.6,2.6,7,0.7,,1.6721,3.0852,1.4131,2.2929,2.6196,0.3267,0.231193829,,,,,,,
10,7,ambient,low,present,ambient_low,ambient_present,low_present,10.5,1,,,16.1,,,75,,,5,,,,,,2.1874,,,1.9633,,,,,,,,,,
11,2,high,ambient,absent,high_ambient,high_absent,ambient_absent,11.1,0,1,0,14.4,13.5,-0.9,75,108.8,33.8,5,8.1,3.1,7,0.7,56.5,2.1077,3.2077,1.1,2.1945,2.7291,0.5346,0.486,4.589,5.9306,1.3416,1.219636364,25.126,1.37,21.3879298
11,2,high,ambient,absent,high_ambient,high_absent,ambient_absent,11.2,0,1,0,17.8,18.3,0.5,75,143.4,68.4,5,7.5,2.5,9,0.9,82.3,2.0164,3.6251,1.6087,2.1967,2.6978,0.5011,0.311493753,4.619,6.6891,2.0701,1.286815441,25.979,1.33,22.77910994
11,2,high,ambient,absent,high_ambient,high_absent,ambient_absent,11.3,1,1,,12.7,,,75,,,5,,,,,,2.1893,,,2.4358,,,,,,,,,,
11,2,high,ambient,absent,high_ambient,high_absent,ambient_absent,11.4,0,,0,19.2,19.1,-0.1,75,119.8,44.8,5,10.2,5.2,9,0.9,,1.9174,3.7428,1.8254,1.9528,2.7157,0.7629,0.417935795,4.501,6.4548,1.9538,1.070340747,28.078,1.449,22.59767435
11,2,high,ambient,absent,high_ambient,high_absent,ambient_absent,11.5,0,1,0,14.8,17.4,2.6,75,150.9,75.9,5,7.7,2.7,8,0.8,73.3,1.7121,3.5297,1.8176,1.8571,2.2021,0.345,0.189810739,,,,,,,
12,5,ambient,ambient,present,ambient_ambient,ambient_present,ambient_present,12.1,0,1,0,19,23.2,4.2,75,169.1,94.1,5,9.8,4.8,9,0.9,105.8,1.8857,4.0567,2.171,1.8756,2.4606,0.585,0.269461078,,,,,28.712,1.504,22.26289155
12,5,ambient,ambient,present,ambient_ambient,ambient_present,ambient_present,12.2,0,1,1,12.7,13.3,0.6,75,119,44,5,7.6,2.6,7,0.7,,1.9556,3.1271,1.1715,2.1104,2.4639,0.3535,0.301749893,4.705,6.0775,1.3725,1.171574904,27.099,1.465,21.57156242
12,5,ambient,ambient,present,ambient_ambient,ambient_present,ambient_present,12.3,0,1,1,14.5,18.4,3.9,75,122.4,47.4,5,7.6,2.6,9,0.9,78.8,1.9131,3.563,1.6499,2.132,2.8289,0.6969,0.422389236,4.946,6.0755,1.1295,0.684586945,28.236,1.489,22.11436315
12,5,ambient,ambient,present,ambient_ambient,ambient_present,ambient_present,12.4,1,,,19.5,,,75,,,5,,,,,,1.6066,,,1.8851,,,,,,,,,,
12,5,ambient,ambient,present,ambient_ambient,ambient_present,ambient_present,12.5,0,0,1,16.9,21.8,4.9,75,120,45,5,10.3,5.3,9,0.9,54.9,2.0025,4.0523,2.0498,1.9262,2.5716,0.6454,0.314859986,4.601,5.737,1.136,0.55420041,,,
13,7,ambient,low,present,ambient_low,ambient_present,low_present,13.1,0,1,1,15.9,16,0.1,75,106.6,31.6,5,10.6,5.6,9,0.9,77.4,2.0891,3.7446,1.6555,1.9911,2.4595,0.4684,0.282935669,4.6767,5.865,1.1883,0.717789188,27.522,1.675,19.16157224
13,7,ambient,low,present,ambient_low,ambient_present,low_present,13.2,0,1,1,18.1,17,-1.1,75,109,34,5,8,3,9,0.9,,2.0003,3.7315,1.7312,1.8906,2.5178,0.6272,0.362292052,4.534,5.7105,1.1765,0.679586414,28.013,1.778,18.37358176
13,7,ambient,low,present,ambient_low,ambient_present,low_present,13.3,0,1,1,17.7,14.9,-2.8,75,107.7,32.7,5,9.5,4.5,8,0.8,76.5,1.9982,3.5844,1.5862,2.0467,2.5783,0.5316,0.335140588,4.4855,6.2293,1.7438,1.099356954,25.771,1.569,19.15465301
13,7,ambient,low,present,ambient_low,ambient_present,low_present,13.4,0,1,1,18.1,18.9,0.8,75,107.9,32.9,5,8.5,3.5,8,0.8,,1.7517,3.5947,1.843,1.8945,2.3739,0.4794,0.260119371,,,,,,,
13,7,ambient,low,present,ambient_low,ambient_present,low_present,13.5,0,1,1,16,18.5,2.5,75,130,55,5,8.8,3.8,9,0.9,78.2,1.857,3.7455,1.8885,2.0209,2.5972,0.5763,0.305162828,,,,,,,
14,6,high,ambient,present,high_ambient,high_present,ambient_present,14.1,0,1,1,18.4,19.5,1.1,75,110.3,35.3,5,9.3,4.3,8,0.8,,1.7275,3.5792,1.8517,1.986,2.4225,0.4365,0.23572933,,,,,28.026,1.751,18.6655561
14,6,high,ambient,present,high_ambient,high_present,ambient_present,14.2,0,1,1,16.3,18,1.7,75,84.4,9.4,5,6.5,1.5,9,0.9,,2.2049,2.984,0.7791,2.0679,2.3286,0.2607,0.334616866,,,,,21.609,1.33,18.94737236
14,6,high,ambient,present,high_ambient,high_present,ambient_present,14.3,0,1,1,18.7,23.9,5.2,75,139.7,64.7,5,8.1,3.1,9,0.9,84.1,2.0869,3.9689,1.882,1.8982,2.521,0.6228,0.330924548,4.802,6.6248,1.8228,0.968544102,25.423,1.665,17.80649825
14,6,high,ambient,present,high_ambient,high_present,ambient_present,14.4,0,1,1,13.2,19.36,6.16,75,106,31,5,9.1,4.1,9,0.9,57.7,2.2707,3.8431,1.5724,2.0716,2.6226,0.551,0.350419741,4.818,6.1265,1.3085,0.832167387,,,
14,6,high,ambient,present,high_ambient,high_present,ambient_present,14.5,0,1,1,17.5,14.1,-3.4,75,128.3,53.3,5,7,2,8,0.8,62,1.8453,3.102,1.2567,1.8742,2.2753,0.4011,0.319169253,4.871,7.2413,2.3703,1.886130341,,,
15,8,high,low,present,high_low,high_present,low_present,15.1,1,,,14.9,,,75,,,5,,,,,,2.0704,,,1.8621,,,,4.9655,5.2843,0.3188,,,,
15,8,high,low,present,high_low,high_present,low_present,15.2,0,0,1,10.1,9.6,-0.5,75,102.6,27.6,5,6.5,1.5,7,0.7,,1.7362,2.7203,0.9841,2.126,2.3486,0.2226,0.226196525,4.74,5.4273,0.6873,0.698404634,26.869,1.499,20.9033471
15,8,high,low,present,high_low,high_present,low_present,15.3,0,1,1,13.6,14.2,0.6,75,94.9,19.9,5,8.3,3.3,7,0.7,,1.883,3.1186,1.2356,1.7974,2.2969,0.4995,0.404257041,4.772,5.506,0.734,0.59404338,26.226,1.476,20.72104534
15,8,high,low,present,high_low,high_present,low_present,15.4,0,1,1,17.8,20.6,2.8,75,127.9,52.9,5,7.7,2.7,9,0.9,68,2.0426,3.9583,1.9157,1.8881,2.2611,0.373,0.194706896,,,,,25.497,1.181,25.17706772
15,8,high,low,present,high_low,high_present,low_present,15.5,0,1,1,20.9,19.4,-1.5,75,109.4,34.4,5,7.6,2.6,8,0.8,67.8,2.16,3.8784,1.7184,1.8658,2.2613,0.3955,0.230155959,,,,,,,
16,4,high,low,absent,high_low,high_absent,low_absent,16.1,0,1,0,21.3,20.4,-0.9,75,139.4,64.4,5,8.6,3.6,9,0.9,,1.88,3.9239,2.0439,2.0273,2.5439,0.5166,0.252752092,4.5156,5.5594,1.0438,0.510690347,24.649,1.578,18.21622021
16,4,high,low,absent,high_low,high_absent,low_absent,16.2,0,1,0,11.9,7,-4.9,75,84.9,9.9,5,6.2,1.2,8,0.8,,2.1363,2.7127,0.5764,2.0943,2.4231,0.3288,0.570437196,,,,,21.865,1.576,16.17928146
16,4,high,low,absent,high_low,high_absent,low_absent,16.3,1,,,20.5,,,75,,,5,,,,,,1.9012,,,1.8208,,,,,,,,,,
16,4,high,low,absent,high_low,high_absent,low_absent,16.4,0,1,0,19.4,20.7,1.3,75,129.7,54.7,5,9.3,4.3,9,0.9,82.9,2.0359,3.8413,1.8054,1.9627,2.6352,0.6725,0.37249363,4.3652,5.2411,0.8759,0.485155644,25.403,1.568,18.89317345
16,4,high,low,absent,high_low,high_absent,low_absent,16.5,0,1,0,16.7,12.8,-3.9,75,130.6,55.6,5,7.6,2.6,9,0.9,40.8,2.0171,3.3213,1.3042,2.093,2.4943,0.4013,0.307698206,4.4595,5.2436,0.7841,0.601211471,,,
17,2,high,ambient,absent,high_ambient,high_absent,ambient_absent,17.1,0,0,0,17.1,21.1,4,75,123.6,48.6,5,8.9,3.9,8,0.8,74.9,2.2449,3.7829,1.538,2.0007,2.6481,0.6474,0.420936281,4.697,9.2301,4.5331,2.94739922,24.946,1.979,14.70012696
17,2,high,ambient,absent,high_ambient,high_absent,ambient_absent,17.2,1,,,17.6,,,75,,,5,,,,,,1.5402,,,2.0508,,,,,,,,,,
17,2,high,ambient,absent,high_ambient,high_absent,ambient_absent,17.3,0,1,0,14.8,15.8,1,75,128,53,5,8.6,3.6,9,0.9,,1.7684,3.0745,1.3061,2.0652,2.625,0.5598,0.428604242,4.768,7.468,2.7,2.06722303,28.427,2.372,13.97598116
17,2,high,ambient,absent,high_ambient,high_absent,ambient_absent,17.4,0,1,0,21.2,14.1,-7.1,75,142,67,5,8.1,3.1,8,0.8,75.9,1.9241,3.0978,1.1737,1.8866,2.2803,0.3937,0.335434949,4.456,7.3071,2.8511,2.429155662,26.78,2.062,15.1456485
17,2,high,ambient,absent,high_ambient,high_absent,ambient_absent,17.5,0,1,0,17,14.7,-2.3,75,126.8,51.8,5,9.7,4.7,8,0.8,59.4,1.6376,2.8052,1.1676,1.7848,2.1952,0.4104,0.351490236,,,,,,,
18,8,high,low,present,high_low,high_present,low_present,18.1,0,1,1,15.4,10.9,-4.5,75,83.7,8.7,5,7.4,2.4,8,0.8,65.5,1.7394,2.651,0.9116,1.7713,2.1878,0.4165,0.456888986,4.1795,5.2063,1.0268,1.126371215,23.827,1.379,20.14981487
18,8,high,low,present,high_low,high_present,low_present,18.2,0,1,1,16,10.5,-5.5,75,80,5,5,7.4,2.4,7,0.7,,1.8282,2.66,0.8318,2.1268,2.5752,0.4484,0.539071892,4.4686,4.9581,0.4895,0.588482808,26.112,1.771,17.19442027
18,8,high,low,present,high_low,high_present,low_present,18.3,0,1,1,16.5,10.1,-6.4,75,89.6,14.6,5,7.6,2.6,8,0.8,57.7,2.2487,3.0471,0.7984,1.8158,2.1711,0.3553,0.44501503,4.752,5.2098,0.4578,0.573396794,23.616,1.433,19.2187931
18,8,high,low,present,high_low,high_present,low_present,18.4,0,1,1,16.7,6.6,-10.1,75,70.8,-4.2,5,6.8,1.8,8,0.8,,1.8644,2.3513,0.4869,1.9806,2.2574,0.2768,0.568494557,,,,,,,
18,8,high,low,present,high_low,high_present,low_present,18.5,1,,,14,,,75,,,5,,,,,,1.7997,,,1.7279,,,,,,,,,,
19,7,ambient,low,present,ambient_low,ambient_present,low_present,19.1,0,1,1,18,14.6,-3.4,75,104.7,29.7,5,9.8,4.8,9,0.9,46.7,1.8574,2.907,1.0496,1.7858,2.3963,0.6105,0.581650152,4.742,5.2198,0.4778,0.455221037,27.416,1.948,16.41274041
19,7,ambient,low,present,ambient_low,ambient_present,low_present,19.2,0,1,1,19.1,20.4,1.3,75,113.9,38.9,5,7.9,2.9,8,0.8,66.1,1.7656,3.8622,2.0966,1.9601,2.3891,0.429,0.204616999,4.981,5.6187,0.6377,0.304159115,26.336,1.76,17.45030843
19,7,ambient,low,present,ambient_low,ambient_present,low_present,19.3,0,1,1,22.8,17.3,-5.5,75,145.2,70.2,5,8.9,3.9,8,0.8,95.2,1.7709,3.3318,1.5609,2.2131,2.7044,0.4913,0.314754308,4.952,5.5621,0.6101,0.390864245,26.259,1.674,18.29315824
19,7,ambient,low,present,ambient_low,ambient_present,low_present,19.4,0,1,1,17,15.9,-1.1,75,126.7,51.7,5,9.1,4.1,8,0.8,90.6,1.885,3.2653,1.3803,2.0663,2.4746,0.4083,0.29580526,,,,,,,
19,7,ambient,low,present,ambient_low,ambient_present,low_present,19.5,0,1,1,13.9,15.6,1.7,75,90,15,5,8.1,3.1,8,0.8,,2.1106,3.4387,1.3281,1.6216,1.9479,0.3263,0.245689331,,,,,,,
20,2,high,ambient,absent,high_ambient,high_absent,ambient_absent,20.1,0,0,0,16.5,16,-0.5,75,135,60,5,8.4,3.4,9,0.9,49.9,1.881,3.1995,1.3185,2.0306,2.5013,0.4707,0.356996587,5.0124,7.4246,2.4122,1.829503223,24.604,1.866,15.37659022
20,2,high,ambient,absent,high_ambient,high_absent,ambient_absent,20.2,0,0,0,18.3,14.7,-3.6,75,109.9,34.9,5,10.3,5.3,8,0.8,,1.7599,2.8099,1.05,1.9017,2.4816,0.5799,0.552285714,4.778,7.1393,2.3613,2.248857143,27.797,2.043,15.86702559
20,2,high,ambient,absent,high_ambient,high_absent,ambient_absent,20.3,1,,,15.3,,,75,,,5,,,,,,2.5105,,,2.049,,,,,,,,,,
20,2,high,ambient,absent,high_ambient,high_absent,ambient_absent,20.4,0,1,0,13.5,11.9,-1.6,75,94.7,19.7,5,8.3,3.3,8,0.8,30.6,1.8831,2.8305,0.9474,2.1233,2.5168,0.3935,0.415347266,4.889,6.8701,1.9811,2.091091408,26.219,1.87,16.35085543
20,2,high,ambient,absent,high_ambient,high_absent,ambient_absent,20.5,0,1,0,12.3,12.4,0.1,75,127.3,52.3,5,7.6,2.6,8,0.8,82.5,1.8888,3.0118,1.123,1.8641,2.1956,0.3315,0.295191451,,,,,,,
21,8,high,low,present,high_low,high_present,low_present,21.1,1,,,11.3,,,75,,,5,,,,,,2.009,2.5776,0.5686,1.8504,,,,4.2646,4.3344,0.0698,0.12275765,,,
21,8,high,low,present,high_low,high_present,low_present,21.2,0,1,1,12.3,7.6,-4.7,75,82.2,7.2,5,8,3,8,0.8,,1.8994,,,2.0895,2.3508,0.2613,,4.498,4.6432,0.1452,,29.449,1.911,17.97114824
21,8,high,low,present,high_low,high_present,low_present,21.3,0,1,1,13.2,11,-2.2,75,85.6,10.6,5,8.7,3.7,9,0.9,62.3,1.9276,2.9307,1.0031,2.0301,2.3727,0.3426,0.341541222,4.3809,5.1814,0.8005,0.798026119,26.907,1.854,16.92472071
21,8,high,low,present,high_low,high_present,low_present,21.4,0,1,1,14.1,11,-3.1,75,86.5,11.5,5,8.6,3.6,7,0.7,50.5,1.7962,2.8311,1.0349,1.8066,2.279,0.4724,0.456469224,,,,,24.605,1.732,16.56690735
21,8,high,low,present,high_low,high_present,low_present,21.5,0,1,1,10.9,8.5,-2.4,75,97.1,22.1,5,7,2,8,0.8,63.7,1.6866,2.4452,0.7586,2.1057,2.3324,0.2267,0.298839968,,,,,,,
22,7,ambient,low,present,ambient_low,ambient_present,low_present,22.1,1,,,,,,,,,,,,,,,,,,,,,,,,,,26.521,1.744,17.73410913
22,7,ambient,low,present,ambient_low,ambient_present,low_present,22.2,0,1,1,12.4,9.6,-2.8,75,111.6,36.6,5,8.2,3.2,8,0.8,,1.9537,2.9832,1.0295,2.1902,2.5213,0.3311,0.321612433,4.661,6.3711,1.7101,1.66109762,26.747,1.725,18.08222796
22,7,ambient,low,present,ambient_low,ambient_present,low_present,22.3,0,1,1,15.9,14.8,-1.1,75,132.8,57.8,5,8.2,3.2,9,0.9,83.1,1.7478,3.3619,1.6141,2.2592,2.9079,0.6487,0.401895793,5.171,7.1635,1.9925,1.23443405,24.206,1.625,17.37143219
22,7,ambient,low,present,ambient_low,ambient_present,low_present,22.4,0,1,1,14.4,14,-0.4,75,71.9,-3.1,5,8.1,3.1,8,0.8,,2.2183,3.5362,1.3179,2.1424,2.4515,0.3091,0.234539798,,,,,,,
22,7,ambient,low,present,ambient_low,ambient_present,low_present,22.5,0,1,1,14.2,11.8,-2.4,75,76.5,1.5,5,7.4,2.4,8,0.8,,2.0612,3.0514,0.9902,2.052,2.344,0.292,0.294889921,,,,,,,
23,3,ambient,low,absent,ambient_low,ambient_absent,low_absent,23.1,0,1,0,14,15.9,1.9,75,120,45,5,8.3,3.3,8,0.8,90,1.8486,3.1505,1.3019,1.9972,2.4607,0.4635,0.356018127,4.735,8.5435,3.8085,2.925339888,25.7,1.834,16.34179483
23,3,ambient,low,absent,ambient_low,ambient_absent,low_absent,23.2,0,1,0,12.7,14.5,1.8,75,129,54,5,10.7,5.7,8,0.8,60.3,1.7952,2.92,1.1248,2.0582,2.4414,0.3832,0.340682788,4.703,8.1275,3.4245,3.044541252,26.578,1.963,15.78948479
23,3,ambient,low,absent,ambient_low,ambient_absent,low_absent,23.3,0,1,0,14.9,14.6,-0.3,75,155,80,5,8.1,3.1,8,0.8,95,1.7844,3.0489,1.2645,1.9426,2.4133,0.4707,0.372241993,4.613,7.7882,3.1752,2.511032028,27.224,1.881,16.87831556
23,3,ambient,low,absent,ambient_low,ambient_absent,low_absent,23.4,1,,,15.1,,,75,,,5,,,,,,2.1701,,,2.085,,,,,,,,,,
23,3,ambient,low,absent,ambient_low,ambient_absent,low_absent,23.5,1,,,18.6,,,75,,,5,,,,,,2.0456,,,2.0794,,,,,,,,,,
24,2,high,ambient,absent,high_ambient,high_absent,ambient_absent,24.1,0,1,0,14.2,11.1,-3.1,75,116.8,41.8,5,8.8,3.8,8,0.8,,2.3394,3.3549,1.0155,2.2542,2.6539,0.3997,0.393599212,4.779,5.6078,0.8288,0.81614968,27.18,2.18,14.53981633
24,2,high,ambient,absent,high_ambient,high_absent,ambient_absent,24.2,0,1,0,16.9,14.6,-2.3,75,122,47,5,8.7,3.7,10,1,86,2.318,3.5372,1.2192,1.9526,2.4098,0.4572,0.375,4.853,8.1171,3.2641,2.677247375,29.61,1.983,17.41332296
24,2,high,ambient,absent,high_ambient,high_absent,ambient_absent,24.3,1,,,10.8,,,75,,,5,,,,,,2.0001,,,1.5159,,,,,,,,,,
24,2,high,ambient,absent,high_ambient,high_absent,ambient_absent,24.4,1,,,16.4,,,75,,,5,,,,,,1.9621,,,1.9252,,,,,,,,,,
24,2,high,ambient,absent,high_ambient,high_absent,ambient_absent,24.5,0,1,0,12,10.3,-1.7,75,127,52,5,6.9,1.9,9,0.9,78.7,2.0447,3.1321,1.0874,1.9826,2.2359,0.2533,0.23294096,4.632,6.4245,1.7925,1.648427442,28.371,1.848,17.90352877
25,5,ambient,ambient,present,ambient_ambient,ambient_present,ambient_present,25.1,0,1,1,14.1,21.3,7.2,75,126,51,5,7.8,2.8,9,0.9,90,1.8199,3.758,1.9381,1.8729,2.3343,0.4614,0.238068211,4.585,7.343,2.758,1.423043187,27.289,1.658,19.19415762
25,5,ambient,ambient,present,ambient_ambient,ambient_present,ambient_present,25.2,0,,1,13.8,12.2,-1.6,75,95,20,5,7.3,2.3,,,,1.905,2.9824,1.0774,2.0075,2.2898,0.2823,0.262019677,4.579,5.9933,1.4143,1.312697234,22.698,1.505,17.58802416
25,5,ambient,ambient,present,ambient_ambient,ambient_present,ambient_present,25.3,1,,,16,,,75,,,5,,,,,,1.9496,,,1.9563,,,,,,,,,,
25,5,ambient,ambient,present,ambient_ambient,ambient_present,ambient_present,25.4,0,1,1,12.5,12.7,0.2,75,88.2,13.2,5,8.8,3.8,8,0.8,56.9,1.9865,2.8728,0.8863,2.0176,2.4755,0.4579,0.51664222,4.784,5.9924,1.2084,1.363420964,28.518,1.856,17.91872294
25,5,ambient,ambient,present,ambient_ambient,ambient_present,ambient_present,25.5,0,1,1,19.7,24.1,4.4,75,132.8,57.8,5,7.6,2.6,9,0.9,74.4,1.9055,4.198,2.2925,1.868,2.4045,0.5365,0.234023991,,,,,,,
26,3,ambient,low,absent,ambient_low,ambient_absent,low_absent,26.1,1,,,20.7,,,75,,,5,,,,,,2.0529,,,2.2997,,,,,,,,,,
26,3,ambient,low,absent,ambient_low,ambient_absent,low_absent,26.2,0,1,0,18.7,18,-0.7,75,129,54,5,10,,9,0.9,45.3,1.9588,3.4653,1.5065,2.0288,2.4187,0.3899,0.258811815,4.669,8.5442,3.8752,2.572319947,24.77,1.424,20.28532541
26,3,ambient,low,absent,ambient_low,ambient_absent,low_absent,26.3,0,0,0,24.2,19.5,-4.7,75,118,43,5,9.8,4.8,10,1,36.5,2.1064,3.7223,1.6159,2.0821,2.6838,0.6017,0.372362151,4.665,8.7386,4.0736,2.520948078,24.067,1.67,16.80627434
26,3,ambient,low,absent,ambient_low,ambient_absent,low_absent,26.4,0,1,0,21.4,23.2,1.8,75,131,56,5,9.8,4.8,7,0.7,62.3,1.9972,3.9508,1.9536,2.0445,2.5014,0.4569,0.233875921,4.713,9.3907,4.6777,2.394400082,25.144,1.795,16.33562957
26,3,ambient,low,absent,ambient_low,ambient_absent,low_absent,26.5,0,1,0,19.8,18.6,-1.2,75,98.5,23.5,5,8.6,3.6,9,0.9,,2.1586,3.6915,1.5329,1.8562,2.3601,0.5039,0.328723335,,,,,,,
27,1,ambient,ambient,absent,ambient_ambient,ambient_absent,ambient_absent,27.1,1,,,19,,,75,,,5,,,,,,2.2979,,,1.6326,,,,,,,,,,
27,1,ambient,ambient,absent,ambient_ambient,ambient_absent,ambient_absent,27.2,0,1,0,16.4,13.6,-2.8,75,135,60,5,7.4,2.4,7,0.7,62.9,1.9602,3.1076,1.1474,1.8592,2.176,0.3168,0.276102493,4.547,7.6983,3.1513,2.746470281,26.015,1.704,17.80410724
27,1,ambient,ambient,absent,ambient_ambient,ambient_absent,ambient_absent,27.3,0,0,0,20.1,22.5,2.4,75,130.6,55.6,5,7.9,2.9,10,1,88.2,1.5534,3.345,1.7916,2.2728,2.8913,0.6185,0.345222148,4.877,9.3235,4.4465,2.48185979,26.929,1.547,20.29999235
27,1,ambient,ambient,absent,ambient_ambient,ambient_absent,ambient_absent,27.4,0,1,0,18.5,20.4,1.9,75,128.7,53.7,5,10.2,5.2,8,0.8,121.5,2.3043,3.9509,1.6466,2.094,2.7212,0.6272,0.38090611,4.527,10.1369,5.6099,3.406959796,27.544,1.954,16.43873566
27,1,ambient,ambient,absent,ambient_ambient,ambient_absent,ambient_absent,27.5,0,1,0,23.8,20.7,-3.1,75,120,45,5,10.2,5.2,10,1,,2.2913,3.7743,1.483,2.1257,2.6368,0.5111,0.344639245,,,,,,,
28,5,ambient,ambient,present,ambient_ambient,ambient_present,ambient_present,28.1,0,1,1,19.5,25,5.5,75,134.1,59.1,5,7.9,2.9,8,0.8,90,2.3874,4.6486,2.2612,2.2009,2.8617,0.6608,0.292234212,,,,,22.705,1.416,18.69925115
28,5,ambient,ambient,present,ambient_ambient,ambient_present,ambient_present,28.2,0,1,1,24.3,27.1,2.8,75,135,60,5,11.2,6.2,8,0.8,,2.3149,4.6001,2.2852,2.2026,2.9595,0.7569,0.331218274,4.722,7.9263,3.2043,1.402196744,25.691,1.686,17.77008072
28,5,ambient,ambient,present,ambient_ambient,ambient_present,ambient_present,28.3,0,1,1,19.6,19.9,0.3,75,128,53,5,8.6,3.6,8,0.8,,1.5974,3.2261,1.6287,1.8663,2.4467,0.5804,0.356357831,4.847,7.3236,2.4766,1.520599251,27.092,1.638,19.28826354
28,5,ambient,ambient,present,ambient_ambient,ambient_present,ambient_present,28.4,0,1,1,21.6,23.9,2.3,75,145,70,5,7.8,2.8,9,0.9,,1.9036,3.8994,1.9958,1.8288,2.3292,0.5004,0.250726526,4.77,6.802,2.032,1.01813809,,,
28,5,ambient,ambient,present,ambient_ambient,ambient_present,ambient_present,28.5,0,1,1,26.5,25.4,-1.1,75,118,43,5,9,4,9,0.9,83.6,1.944,3.9579,2.0139,1.8001,2.4137,0.6136,0.304682457,,,,,,,
29,8,high,low,present,high_low,high_present,low_present,29.1,1,,,13,,,75,,,5,,,,,,1.8091,,,1.9534,,,,4.3,4.3576,0.0576,,,,
29,8,high,low,present,high_low,high_present,low_present,29.2,0,1,1,16.3,11.3,-5,75,87.6,12.6,5,8.5,3.5,8,0.8,,1.8202,2.8964,1.0762,1.6932,2.0954,0.4022,0.373722356,4.3873,4.5455,0.1582,0.146998699,33.092,2.063,18.70637987
29,8,high,low,present,high_low,high_present,low_present,29.3,0,1,1,14.9,13.6,-1.3,75,94.5,19.5,5,8,3,9,0.9,,1.6606,2.8185,1.1579,1.9972,2.3334,0.3362,0.290353226,4.2668,4.294,0.0272,0.023490802,25.658,1.72,17.39643728
29,8,high,low,present,high_low,high_present,low_present,29.4,1,,,,,,,,,,,,,,,,,,,,,,,,,,22.871,1.563,17.06444381
29,8,high,low,present,high_low,high_present,low_present,29.5,0,1,1,18.5,16.1,-2.4,75,105.9,30.9,5,8.4,3.4,8,0.8,,2.4656,3.8519,1.3863,2.1651,2.641,0.4759,0.343287889,,,,,,,
30,4,high,low,absent,high_low,high_absent,low_absent,30.1,1,,,13.3,,,75,,,5,,,,,,2.2435,,,2.1025,,,,,,,,,,
30,4,high,low,absent,high_low,high_absent,low_absent,30.2,0,1,0,25.8,19.6,-6.2,75,147.4,72.4,5,11.9,6.9,9,0.9,66,2.0635,3.6856,1.6221,1.7875,2.6601,0.8726,0.53794464,4.5335,7.8402,3.3067,2.0385303,25.411,1.803,16.43584327
30,4,high,low,absent,high_low,high_absent,low_absent,30.3,0,1,0,14.7,11.4,-3.3,75,119.5,44.5,5,8.7,3.7,9,0.9,42.8,2.0156,3.0459,1.0303,1.9022,2.3545,0.4523,0.43899835,4.7102,6.107,1.3968,1.355721634,25.577,1.882,15.84878398
30,4,high,low,absent,high_low,high_absent,low_absent,30.4,0,1,0,15,12.1,-2.9,75,128.4,53.4,5,9.8,4.8,9,0.9,64.9,2.0366,3.1661,1.1295,1.8744,2.3526,0.4782,0.423373174,4.3863,7.2006,2.8143,2.491633466,26.869,2.105,14.88556642
30,4,high,low,absent,high_low,high_absent,low_absent,30.5,0,,,11.3,9.1,-2.2,75,96.7,21.7,5,7.1,2.1,8,0.8,,2.0036,2.7392,0.7356,2.2916,2.6827,0.3911,0.531674823,,,,,,,
31,8,high,low,present,high_low,high_present,low_present,31.1,0,1,1,19.6,16.4,-3.2,75,96.2,21.2,5,8.4,3.4,8,0.8,,1.7669,3.3058,1.5389,1.6244,2.0463,0.4219,0.274156865,4.807,4.9633,0.1563,0.101566054,27.033,1.732,18.20171535
31,8,high,low,present,high_low,high_present,low_present,31.2,0,1,1,22.9,18.6,-4.3,75,77.7,2.7,5,9.2,4.2,8,0.8,,2.2945,3.8692,1.5747,2.6676,3.1892,0.5216,0.331237696,4.871,5.3022,0.4312,0.273829936,28.714,1.866,17.94518824
31,8,high,low,present,high_low,high_present,low_present,31.3,0,1,1,19.9,14.1,-5.8,75,122,47,5,8.6,3.6,8,0.8,,2.4651,3.7676,1.3025,2.183,2.5986,0.4156,0.319078695,4.812,5.0533,0.2413,0.185259117,29.355,2.009,17.0399419
31,8,high,low,present,high_low,high_present,low_present,31.4,0,1,1,16.5,14,-2.5,75,91.2,16.2,5,7.8,2.8,8,0.8,,1.6758,2.8681,1.1923,2.1777,2.6047,0.427,0.358131343,,,,,,,
31,8,high,low,present,high_low,high_present,low_present,31.5,0,1,1,13.2,11.6,-1.6,75,84.6,9.6,5,7,2,8,0.8,,2.2602,3.1879,0.9277,1.5823,1.8917,0.3094,0.333512989,,,,,,,
32,2,high,ambient,absent,high_ambient,high_absent,ambient_absent,32.1,0,1,0,19.3,13.4,-5.9,75,96,21,5,8.4,3.4,8,0.8,43.1,2.3551,3.5573,1.2022,1.9283,2.3087,0.3804,0.316419897,4.035,6.4816,2.4466,2.035102312,22.88,1.127,23.67544037
32,2,high,ambient,absent,high_ambient,high_absent,ambient_absent,32.2,0,1,0,16.1,14.6,-1.5,75,131.4,56.4,5,7.8,2.8,8,0.8,,2.0854,3.5718,1.4864,1.8821,2.4641,0.582,0.391550054,4.555,7.6321,3.0771,2.070169537,27.705,1.255,25.74425867
32,2,high,ambient,absent,high_ambient,high_absent,ambient_absent,32.3,0,1,0,16.9,18.8,1.9,75,127.9,52.9,5,11.6,6.6,9,0.9,,1.5628,3.1905,1.6277,1.8227,2.4542,0.6315,0.387970756,4.784,9.8346,5.0506,3.102905941,25.69,1.476,20.29755414
32,2,high,ambient,absent,high_ambient,high_absent,ambient_absent,32.4,1,,,13.7,,,75,,,5,,,,,,1.8834,,,1.6681,,,,,,,,,,
32,2,high,ambient,absent,high_ambient,high_absent,ambient_absent,32.5,1,1,0,17.4,,,75,124.3,49.3,5,8.1,3.1,10,1,88.1,2.3325,4.2504,1.9179,2.2823,2.9471,0.6648,0.346629126,,,,,,,
33,7,ambient,low,present,ambient_low,ambient_present,low_present,33.1,0,1,1,13.2,12.6,-0.6,75,123,48,5,7.3,2.3,7,0.7,89.2,2.1575,3.2919,1.1344,2.0383,2.3262,0.2879,0.25379055,4.83,5.7002,0.8702,0.767101551,29.865,1.842,18.90770662
33,7,ambient,low,present,ambient_low,ambient_present,low_present,33.2,0,1,1,24.8,24.2,-0.6,75,120,45,5,9.1,4.1,10,1,,1.6811,3.8902,2.2091,2.1857,2.9203,0.7346,0.332533611,4.79,5.9071,1.1171,0.505681047,28.71,1.84,18.19622638
33,7,ambient,low,present,ambient_low,ambient_present,low_present,33.3,0,,1,16.9,14.1,-2.8,75,130.7,55.7,5,5.8,0.8,,,,2.3571,3.7672,1.4101,2.0894,2.2641,0.1747,0.123891923,,,,,27.878,1.552,20.94767651
33,7,ambient,low,present,ambient_low,ambient_present,low_present,33.4,0,1,1,15.6,13.2,-2.4,75,60.3,-14.7,5,8.2,3.2,9,0.9,,2.0081,3.0763,1.0682,2.0691,2.621,0.5519,0.516663546,4.731,5.5047,0.7737,0.724302565,,,
33,7,ambient,low,present,ambient_low,ambient_present,low_present,33.5,0,1,1,13.1,13.4,0.3,75,104.8,29.8,5,10.7,5.7,8,0.8,,2.1995,3.4091,1.2096,1.9277,2.4355,0.5078,0.419808201,,,,,,,
34,4,high,low,absent,high_low,high_absent,low_absent,34.1,0,1,0,10.7,6.5,-4.2,75,87,12,5,6.9,1.9,8,0.8,74.3,1.895,2.5107,0.6157,2.189,2.4232,0.2342,0.380380055,4.948,5.4946,0.5466,0.887770018,20.475,1.56,15.30612563
34,4,high,low,absent,high_low,high_absent,low_absent,34.2,0,0,0,12.5,12.2,-0.3,75,98,23,5,8.5,3.5,9,0.9,35.5,2.2466,3.2669,1.0203,2.1215,2.602,0.4805,0.47093992,4.769,5.8406,1.0716,1.05027933,23.205,1.684,16.06961409
34,4,high,low,absent,high_low,high_absent,low_absent,34.3,1,,,19.7,,,75,,,5,,,,,,2.3799,,,1.6515,,,,,,,,,,
34,4,high,low,absent,high_low,high_absent,low_absent,34.4,0,1,0,19.9,20.8,0.9,75,130.7,55.7,5,9.3,4.3,9,0.9,94,2.0872,4.0089,1.9217,2.1075,2.7652,0.6577,0.34224905,4.783,7.1706,2.3876,1.242441588,25.199,1.646,17.85333842
34,4,high,low,absent,high_low,high_absent,low_absent,34.5,0,1,0,19.4,20.5,1.1,75,116,41,5,7.9,2.9,9,0.9,67.8,2.1099,3.8118,1.7019,1.9941,2.6118,0.6177,0.362947294,,,,,,,
35,7,ambient,low,present,ambient_low,ambient_present,low_present,35.1,0,1,1,18,16.6,-1.4,75,88.1,13.1,5,8.8,3.8,9,0.9,,2.0535,3.2925,1.239,1.9571,2.356,0.3989,0.321953188,4.928,5.4917,0.5637,0.45496368,27.753,1.859,17.40990926
35,7,ambient,low,present,ambient_low,ambient_present,low_present,35.2,0,1,1,13.7,12.4,-1.3,75,81.4,6.4,5,10,5,8,0.8,,2.1766,3.0974,0.9208,2.0561,2.4659,0.4098,0.445047785,4.819,5.3121,0.4931,0.535512598,26.553,1.772,17.47494589
35,7,ambient,low,present,ambient_low,ambient_present,low_present,35.3,0,1,1,13.9,12.3,-1.6,75,51.3,-23.7,5,7.9,2.9,7,0.7,,1.9723,2.9362,0.9639,1.8431,2.1675,0.3244,0.336549435,4.572,4.8885,0.3165,0.328353564,23.751,1.639,16.89930747
35,7,ambient,low,present,ambient_low,ambient_present,low_present,35.4,0,,1,16.2,12.6,-3.6,75,71.9,-3.1,5,7.4,2.4,9,0.9,,2.0608,3.0783,1.0175,1.9353,2.3397,0.4044,0.397444717,,,,,,,
35,7,ambient,low,present,ambient_low,ambient_present,low_present,35.5,0,1,1,14.3,13.9,-0.4,75,85,10,5,7.3,2.3,8,0.8,52,1.6918,2.9059,1.2141,2.08,2.3331,0.2531,0.208467177,,,,,,,
36,6,high,ambient,present,high_ambient,high_present,ambient_present,36.1,0,1,1,18.9,16.5,-2.4,75,101.8,26.8,5,10,5,9,0.9,52.6,2.232,3.5703,1.3383,2.0676,2.6264,0.5588,0.417544646,4.828,4.9822,0.1542,0.115220803,27.618,1.834,17.5613887
36,6,high,ambient,present,high_ambient,high_present,ambient_present,36.2,0,1,1,24,19.1,-4.9,75,129.8,54.8,5,10.5,5.5,9,0.9,75.5,1.9876,3.8824,1.8948,2.2453,2.8312,0.5859,0.309214693,4.69,5.4315,0.7415,0.391334178,27.701,1.729,18.68385188
36,6,high,ambient,present,high_ambient,high_present,ambient_present,36.3,0,1,1,18.5,18.9,0.4,75,97,22,5,9.4,4.4,8,0.8,,2.0406,3.3128,1.2722,2.2084,2.8307,0.6223,0.489152649,5.069,4.81,,,27.141,1.701,18.6074771
36,6,high,ambient,present,high_ambient,high_present,ambient_present,36.4,0,1,1,12.8,10.5,-2.3,75,70.4,-4.6,5,7.4,2.4,7,0.7,,1.8771,2.7074,0.8303,1.7594,2.2055,0.4461,0.537275683,,,,,,,
36,6,high,ambient,present,high_ambient,high_present,ambient_present,36.5,0,1,1,15.1,14.47,-0.63,75,90,15,5,8.2,3.2,9,0.9,,2.3217,3.4539,1.1322,2.0156,2.5225,0.5069,0.447712418,,,,,,,
37,5,ambient,ambient,present,ambient_ambient,ambient_present,ambient_present,37.1,0,1,1,19.5,19.8,0.3,75,119.6,44.6,5,10.1,5.1,9,0.9,52.3,2.1612,4.2613,2.1001,2.0142,2.5868,0.5726,0.272653683,4.5043,6.9245,2.4202,1.152421313,28.496,1.61,20.64067938
37,5,ambient,ambient,present,ambient_ambient,ambient_present,ambient_present,37.2,0,1,1,17.2,16.4,-0.8,75,124.4,49.4,5,8.7,3.7,9,0.9,43.9,1.9652,3.7427,1.7775,1.96,2.5048,0.5448,0.30649789,4.4946,7.1098,2.6152,1.471279887,27.624,1.553,20.74345394
37,5,ambient,ambient,present,ambient_ambient,ambient_present,ambient_present,37.3,0,1,1,22.3,18.1,-4.2,75,114.5,39.5,5,10.2,5.2,8,0.8,29,2.029,3.7815,1.7525,1.87,2.4324,0.5624,0.320912981,4.7105,5.9961,1.2856,0.733580599,26.253,1.514,20.22176342
37,5,ambient,ambient,present,ambient_ambient,ambient_present,ambient_present,37.4,0,1,1,19.6,19.2,-0.4,75,114.6,39.6,5,9.2,4.2,7,0.7,,2.1024,3.8816,1.7792,2.04,2.5434,0.5034,0.282936151,,,,,,,
37,5,ambient,ambient,present,ambient_ambient,ambient_present,ambient_present,37.5,0,1,1,14.4,13.8,-0.6,75,121,46,5,8.8,3.8,9,0.9,,1.9404,3.2211,1.2807,2.0295,2.4212,0.3917,0.305848364,,,,,,,
38,3,ambient,low,absent,ambient_low,ambient_absent,low_absent,38.1,0,1,0,18.9,15.1,-3.8,75,92.5,17.5,5,9.1,4.1,7,0.7,,1.6067,2.6633,1.0566,1.9073,2.401,0.4937,0.467253454,4.923,6.6333,1.7103,1.618682567,25.07,1.811,16.14365416
38,3,ambient,low,absent,ambient_low,ambient_absent,low_absent,38.2,1,,,22.9,,,75,,,5,,,,,,2.1629,,,1.8886,,,,,,,,,,
38,3,ambient,low,absent,ambient_low,ambient_absent,low_absent,38.3,0,0,0,18.8,15.5,-3.3,75,110.7,35.7,5,10.6,5.6,9,0.9,,1.7436,2.9588,1.2152,2.0179,2.4951,0.4772,0.392692561,4.2648,6.1313,1.8665,1.535961159,23.338,1.894,14.36976357
38,3,ambient,low,absent,ambient_low,ambient_absent,low_absent,38.4,0,0,0,22.8,18.1,-4.7,75,122,47,5,8.3,3.3,10,1,79.1,2.083,3.4574,1.3744,1.9883,2.6536,0.6653,0.484065774,4.799,6.6732,1.8742,1.363649593,23.876,1.652,16.8545627
38,3,ambient,low,absent,ambient_low,ambient_absent,low_absent,38.5,0,1,0,13.6,10.4,-3.2,75,99.2,24.2,5,10.9,5.9,7,0.7,65.4,2.006,2.7759,0.7699,1.9784,2.3136,0.3352,0.435381218,,,,,,,
39,4,high,low,absent,high_low,high_absent,low_absent,39.1,1,,,21.1,,,75,,,5,,,,,,1.9251,,,1.994,,,,,,,,,,
39,4,high,low,absent,high_low,high_absent,low_absent,39.2,0,1,0,18.5,10.2,-8.3,75,100.3,25.3,5,7,2,9,0.9,38.9,1.3976,2.216,0.8184,2.2179,2.6679,0.45,0.549853372,4.045,5.5892,1.5442,1.886852395,25.024,1.668,17.49551161
39,4,high,low,absent,high_low,high_absent,low_absent,39.3,0,1,0,15.9,5.5,-10.4,75,71.8,-3.2,5,8.2,3.2,7,0.7,,2.0359,2.4604,0.4245,2.133,2.4251,0.2921,0.688103651,4.613,5.086,0.473,1.114252061,26.778,1.583,19.72709718
39,4,high,low,absent,high_low,high_absent,low_absent,39.4,0,1,0,16.4,13.4,-3,75,105.9,30.9,5,8.5,3.5,8,0.8,56,2.1602,3.3138,1.1536,1.7409,2.1925,0.4516,0.39147018,4.843,6.6631,1.8201,1.577756588,24.939,1.803,16.13055351
39,4,high,low,absent,high_low,high_absent,low_absent,39.5,0,1,0,14,12.2,-1.8,75,128.3,53.3,5,8,3,8,0.8,,1.9721,3.0651,1.093,2.0677,2.342,0.2743,0.250960659,,,,,,,
40,6,high,ambient,present,high_ambient,high_present,ambient_present,40.1,0,1,1,17.6,18.3,0.7,75,127,52,5,8.8,3.8,8,0.8,71,2.1651,3.9238,1.7587,2.0412,2.5057,0.4645,0.26411554,4.597,4.9781,0.3811,0.216694149,28.499,1.759,18.89425375
40,6,high,ambient,present,high_ambient,high_present,ambient_present,40.2,0,1,1,12.3,12.1,-0.2,75,76.5,1.5,5,8.1,3.1,6,0.6,,2.8484,2.7723,,1.906,2.26,0.354,,4.58,5.3448,0.7648,,26.435,1.638,18.82050962
40,6,high,ambient,present,high_ambient,high_present,ambient_present,40.3,0,1,1,11.7,9.7,-2,75,89.8,14.8,5,6.9,1.9,7,0.7,,2.0099,2.8781,0.8682,2.2171,2.5163,0.2992,0.344621055,4.865,5.3377,0.4727,0.544459802,27.147,1.572,20.13887763
40,6,high,ambient,present,high_ambient,high_present,ambient_present,40.4,0,1,1,23.2,23.4,0.2,75,130,55,5,9.2,4.2,9,0.9,80,1.9298,3.9749,2.0451,2.0443,2.6951,0.6508,0.318224048,,,,,,,
40,6,high,ambient,present,high_ambient,high_present,ambient_present,40.5,0,1,1,14.1,12.1,-2,75,92.5,17.5,5,8.2,3.2,7,0.7,,2.1386,2.9728,0.8342,1.9861,2.5764,0.5903,0.707624071,,,,,,,
41,1,ambient,ambient,absent,ambient_ambient,ambient_absent,ambient_absent,41.1,0,1,0,18.7,16.2,-2.5,75,159.8,84.8,5,9.5,4.5,8,0.8,113.7,1.7476,3.5729,1.8253,1.9398,2.3693,0.4295,0.235303786,4.2759,10.8814,6.6055,3.618857174,26.875,1.819,17.22985948
41,1,ambient,ambient,absent,ambient_ambient,ambient_absent,ambient_absent,41.2,0,1,0,18.1,13.8,-4.3,75,106.7,31.7,5,10.2,5.2,9,0.9,,2.1803,3.4298,1.2495,2.0743,2.5425,0.4682,0.374709884,4.4394,7.1982,2.7588,2.207923169,26.776,1.751,17.83304539
41,1,ambient,ambient,absent,ambient_ambient,ambient_absent,ambient_absent,41.3,0,1,0,18.6,14.3,-4.3,75,119.3,44.3,5,8,3,8,0.8,42.3,2.1962,3.4085,1.2123,1.8112,2.2277,0.4165,0.343561825,4.3477,7.1942,2.8465,2.348016168,24.66,1.661,17.3136806
41,1,ambient,ambient,absent,ambient_ambient,ambient_absent,ambient_absent,41.4,1,,,15.8,,,75,,,5,,,,,,2.0757,,,1.9866,,,,,,,,,,
41,1,ambient,ambient,absent,ambient_ambient,ambient_absent,ambient_absent,41.5,0,1,0,23.5,13.8,-9.7,75,118.5,43.5,5,7.9,2.9,8,0.8,65,1.8558,3.0638,1.208,1.9482,2.2901,0.3419,0.283029801,,,,,,,
42,5,ambient,ambient,present,ambient_ambient,ambient_present,ambient_present,42.1,0,1,1,18.1,14,-4.1,75,66.3,-8.7,5,9.7,4.7,8,0.8,,1.8102,3.1407,1.3305,1.7932,2.2946,0.5014,0.376850808,4.616,5.9382,1.3222,0.993761744,25.811,1.63,18.46644037
42,5,ambient,ambient,present,ambient_ambient,ambient_present,ambient_present,42.2,0,1,1,21.9,14.7,-7.2,75,105.4,30.4,5,8.2,3.2,9,0.9,,2.048,3.4814,1.4334,1.7817,2.1619,0.3802,0.265243477,4.631,5.5919,0.9609,0.670364169,27.201,1.735,18.28316392
42,5,ambient,ambient,present,ambient_ambient,ambient_present,ambient_present,42.3,0,1,1,15.4,15,-0.4,75,106.6,31.6,5,8.3,3.3,9,0.9,,2.1632,3.5582,1.395,1.8557,2.3222,0.4665,0.334408602,4.607,5.5121,0.9051,0.648817204,26.932,1.65,19.03490104
42,5,ambient,ambient,present,ambient_ambient,ambient_present,ambient_present,42.5,0,1,1,18,11.4,-6.6,75,77.5,2.5,5,10,5,9,0.9,,1.9656,2.8895,0.9239,1.9239,2.3806,0.4567,0.494317567,,,,,,,
43,3,ambient,low,absent,ambient_low,ambient_absent,low_absent,43.1,0,1,0,18,13.2,-4.8,75,111,36,5,9.5,4.5,8,0.8,,2.0628,3.2623,1.1995,2.0347,2.463,0.4283,0.357065444,4.961,6.8544,1.8934,1.578491038,26.589,1.888,16.42350987
43,3,ambient,low,absent,ambient_low,ambient_absent,low_absent,43.2,0,1,0,20.1,12.4,-7.7,75,86.4,11.4,5,8.2,3.2,,,,2.2935,3.1473,0.8538,2.3083,,,,5.103,5.7204,0.6174,0.723120169,24.217,1.756,16.08280484
43,3,ambient,low,absent,ambient_low,ambient_absent,low_absent,43.3,1,,,22,,,75,,,5,,,,,,1.9867,,,2.1074,,,,,,,,,,
43,3,ambient,low,absent,ambient_low,ambient_absent,low_absent,43.4,0,0,0,15.1,10.4,-4.7,75,108.8,33.8,5,9.8,4.8,7,0.7,,1.6834,2.6182,0.9348,1.9159,2.304,0.3881,0.41516902,4.802,6.1469,1.3449,1.438703466,26.394,2.062,14.92734303
43,3,ambient,low,absent,ambient_low,ambient_absent,low_absent,43.5,0,0,0,21.4,17.9,-3.5,75,93.2,18.2,5,9.1,4.1,7,0.7,64.7,1.7888,3.2474,1.4586,2.1446,2.6708,0.5262,0.36075689,,,,,,,
44,2,high,ambient,absent,high_ambient,high_absent,ambient_absent,44.1,0,1,0,19.1,15.4,-3.7,75,133.2,58.2,5,9.6,4.6,9,0.9,78,1.881,3.4436,1.5626,1.9464,2.6421,0.6957,0.445219506,4.608,7.4553,2.8473,1.822155382,27.21,1.406,22.56883715
44,2,high,ambient,absent,high_ambient,high_absent,ambient_absent,44.2,0,1,0,18.8,15.3,-3.5,75,127.3,52.3,5,8.9,3.9,8,0.8,79,1.8727,3.3437,1.471,2.1818,2.7104,0.5286,0.359347383,4.2352,7.9257,3.6905,2.508837525,28.468,1.549,21.4324343
44,2,high,ambient,absent,high_ambient,high_absent,ambient_absent,44.3,0,1,0,16.7,15.1,-1.6,75,140.3,65.3,5,10.3,5.3,9,0.9,82.2,1.9179,3.2094,1.2915,2.044,2.5276,0.4836,0.374448316,4.9018,7.1819,2.2801,1.765466512,28.396,1.978,16.7415954
44,2,high,ambient,absent,high_ambient,high_absent,ambient_absent,44.4,1,,,20.9,,,75,,,5,,,,,,1.46,,,2.1104,,,,,,,,,,
44,2,high,ambient,absent,high_ambient,high_absent,ambient_absent,44.5,0,1,0,17.5,17.1,-0.4,75,142.7,67.7,5,8.8,3.8,8,0.8,75.5,2.1487,3.8207,1.672,2.02,2.4062,0.3862,0.230980861,,,,,,,
45,4,high,low,absent,high_low,high_absent,low_absent,45.1,0,1,0,21.4,15.4,-6,75,135.8,60.8,5,9.1,4.1,7,0.7,70.6,2.1705,3.6148,1.4443,1.5207,2.0766,0.5559,0.384892335,4.487,6.3393,1.8523,1.282489787,23.806,1.599,17.36216692
45,4,high,low,absent,high_low,high_absent,low_absent,45.2,0,0,0,17.4,12.4,-5,75,120.8,45.8,5,9,4,8,0.8,83,2.0486,3.1743,1.1257,2.2307,2.6993,0.4686,0.416274318,4.434,6.7677,2.3337,2.073110065,27.099,2.116,14.93494279
45,4,high,low,absent,high_low,high_absent,low_absent,45.3,0,1,0,26.7,17.3,-9.4,75,98.8,23.8,5,11.3,6.3,8,0.8,53.6,2.0677,3.3451,1.2774,2.0352,2.9259,0.8907,0.697275716,,,,,24.377,1.773,16.03383771
45,4,high,low,absent,high_low,high_absent,low_absent,45.4,1,1,0,13.1,,,75,70.9,-4.1,5,8.3,3.3,7,0.7,,2.0584,2.757,0.6986,1.8775,2.2515,0.374,0.535356427,4.697,5.3985,0.7015,1.004151159,,,
45,4,high,low,absent,high_low,high_absent,low_absent,45.5,1,,,18.2,,,75,,,5,,,,,,2.0148,,,1.7842,,,,,,,,,,
46,1,ambient,ambient,absent,ambient_ambient,ambient_absent,ambient_absent,46.1,1,,,21.4,,,75,,,5,,,,,,2.0822,,,1.9734,,,,,,,,,,
46,1,ambient,ambient,absent,ambient_ambient,ambient_absent,ambient_absent,46.2,0,0,0,23.3,20.3,-3,75,143,68,5,10.6,5.6,9,0.9,84.1,1.678,3.5569,1.8789,1.9565,2.6462,0.6897,0.367076481,4.776,7.1053,2.3293,1.239714727,27.587,1.667,19.29900136
46,1,ambient,ambient,absent,ambient_ambient,ambient_absent,ambient_absent,46.3,0,1,0,14.6,11.9,-2.7,75,121.7,46.7,5,8.1,3.1,8,0.8,64.5,2.0199,3.0686,1.0487,2.1117,2.523,0.4113,0.392199867,4.716,7.4317,2.7157,2.589587108,23.2,1.271,21.28670277
46,1,ambient,ambient,absent,ambient_ambient,ambient_absent,ambient_absent,46.4,0,0,0,18.3,16.7,-1.6,75,134.5,59.5,5,9.3,4.3,9,0.9,106.6,1.9696,3.4952,1.5256,1.8289,2.4018,0.5729,0.375524384,4.712,8.2593,3.5473,2.325183534,26.679,1.476,21.07895862
46,1,ambient,ambient,absent,ambient_ambient,ambient_absent,ambient_absent,46.5,0,0,0,22.9,20.7,-2.2,75,142.2,67.2,5,9.3,4.3,9,0.9,87.5,2.0538,3.9966,1.9428,2.008,2.5053,0.4973,0.255970764,,,,,,,
47,1,ambient,ambient,absent,ambient_ambient,ambient_absent,ambient_absent,47.1,0,1,0,17.1,14.2,-2.9,75,134.5,59.5,5,9.4,4.4,8,0.8,78.5,2.1929,3.7144,1.5215,2.0162,2.431,0.4148,0.272625698,4.1979,5.7611,1.5632,1.027407164,23.299,1.204,22.56715211
47,1,ambient,ambient,absent,ambient_ambient,ambient_absent,ambient_absent,47.2,0,1,0,18.7,20.9,2.2,75,130,55,5,9.9,4.9,10,1,71.5,1.7336,3.694,1.9604,2.3862,2.9689,0.5827,0.297235258,4.252,6.3949,2.1429,1.093093246,25.232,1.188,24.76858503
47,1,ambient,ambient,absent,ambient_ambient,ambient_absent,ambient_absent,47.3,1,,,,,,,,,,,,,,,,,,,,,,,,,,,,
47,1,ambient,ambient,absent,ambient_ambient,ambient_absent,ambient_absent,47.4,0,1,0,16.1,16.3,0.2,75,135.3,60.3,5,8.7,3.7,8,0.8,70,1.9963,3.4839,1.4876,2.0608,2.476,0.4152,0.279107287,,,,,20.056,1.172,19.95642163
47,1,ambient,ambient,absent,ambient_ambient,ambient_absent,ambient_absent,47.5,1,,,14.3,,,75,,,5,,,,,,1.7362,,,2.0556,,,,,,,,,,
48,6,high,ambient,present,high_ambient,high_present,ambient_present,48.1,0,0,1,16.7,19.5,2.8,75,141.3,66.3,5,9.3,4.3,9,0.9,95.5,2.1075,3.8876,1.7801,2.0081,2.6839,0.6758,0.379641593,4.602,6.476,1.874,1.052749846,28.805,1.363,24.64551998
48,6,high,ambient,present,high_ambient,high_present,ambient_present,48.2,0,1,1,17.5,18.9,1.4,75,136.5,61.5,5,10.5,5.5,8,0.8,70.5,2.0211,3.9194,1.8983,1.9131,2.4273,0.5142,0.27087394,4.723,6.5214,1.7984,0.947373966,27.283,1.31,24.28772232
48,6,high,ambient,present,high_ambient,high_present,ambient_present,48.3,0,1,1,17.9,15.2,-2.7,75,94,19,5,9.5,4.5,8,0.8,,2.3293,3.6273,1.298,1.5382,2.0017,0.4635,0.357087827,4.835,6.1021,1.2671,0.976194145,22.617,1.111,23.74033816
48,6,high,ambient,present,high_ambient,high_present,ambient_present,48.4,0,1,1,18.1,17.9,-0.2,75,119.2,44.2,5,10.8,5.8,8,0.8,54.3,2.1294,3.829,1.6996,1.9683,2.477,0.5087,0.299305719,,,,,,,
48,6,high,ambient,present,high_ambient,high_present,ambient_present,48.5,1,,,21.1,,,75,,,5,,,,,,1.8127,,,2.0254,,,,,,,,,,
